matricula(tailNum);agnoFabricacion(planeYear);modelo(model);
N051AA;;;
N059AA;;;
N060AA;;;
N063AA;;;
N064AA;;;
N066AA;;;
N067AA;;;
N069AA;;;
N071AA;;;
N073AA;;;
N075AA;;;
N076AA;;;
N077AA;;;
N079AA;;;
N080AA;;;
N081AA;;;
N082AA;;;
N083AA;;;
N084AA;;;
N10156;2004;EMB-145XR;
N102UW;1998;A320-214;
N10323;1986;737-3TO;
N103US;1999;A320-214;
N104UW;1999;A320-214;
N105UW;1999;A320-214;
N106US;1999;A320-214;
N107US;1999;A320-214;
N108UW;1999;A320-214;
N109UW;1999;A320-214;
N110UW;1999;A320-214;
N11106;2002;EMB-145XR;
N11109;2002;EMB-145XR;
N11113;2002;EMB-145XR;
N11119;2002;EMB-145XR;
N11121;2003;EMB-145XR;
N11127;2003;EMB-145XR;
N11137;2003;EMB-145XR;
N11140;2003;EMB-145XR;
N11150;2003;EMB-145XR;
N11155;2004;EMB-145XR;
N11176;2004;EMB-145XR;
N11181;2005;EMB-145XR;
N11184;2005;EMB-145XR;
N11189;2005;EMB-145XR;
N11191;2005;EMB-145XR;
N11192;2005;EMB-145XR;
N11193;2005;EMB-145XR;
N11194;2005;EMB-145XR;
N11199;2006;EMB-145XR;
N111US;1999;A320-214;
N11206;2000;737-824;
N112US;1999;A320-214;
N113UW;1999;A320-214;
N11535;2001;EMB-145LR;
N11536;2001;EMB-145LR;
N11539;2001;EMB-145LR;
N11544;2002;EMB-145LR;
N11548;2002;EMB-145LR;
N11551;2002;EMB-145LR;
N11565;2002;EMB-145LR;
N11612;1994;737-524;
N11651;1997;737-524;
N117UW;2000;A320-214;
N118US;2000;A320-214;
N119US;2000;A320-214;
N12109;1994;757-224;
N12114;1995;757-224;
N12116;1996;757-224;
N12122;2003;EMB-145XR;
N12125;1998;757-224;
N12126;2003;EMB-145XR;
N12135;2003;EMB-145XR;
N12136;2003;EMB-145XR;
N12142;2003;EMB-145XR;
N12145;2003;EMB-145XR;
N12157;2004;EMB-145XR;
N12160;2004;EMB-145XR;
N12172;2004;EMB-145XR;
N12195;2005;EMB-145XR;
N121DE;1987;767-332;
N121UW;2000;A320-214;
N12201;2006;EMB-145XR;
N12216;1998;737-824;
N12218;1998;737-824;
N12221;1998;737-824;
N12225;1998;737-824;
N12238;1999;737-824;
N122US;2000;A320-214;
N12313;1985;737-3TO;
N12318;1986;737-3TO;
N12319;1986;737-3TO;
N12322;1986;737-3TO;
N123UW;2000;A320-214;
N124DE;1987;767-332;
N124US;2000;A320-214;
N12540;2001;EMB-145LR;
N12552;2002;EMB-145LR;
N12564;2002;EMB-145LR;
N12567;2002;EMB-145LR;
N125DL;1988;767-332;
N126AT;2004;737-76N;
N126DL;1988;767-332;
N127DL;1988;767-332;
N128DL;1988;767-332;
N12900;2001;EMB-145LR;
N12921;2000;EMB-145LR;
N12922;2000;EMB-145LR;
N12924;2000;EMB-145LR;
N12934;1997;EMB-145EP;
N12946;1998;EMB-145EP;
N12957;1998;EMB-145LR;
N12967;1999;EMB-145LR;
N12996;2000;EMB-145LR;
N129DL;1988;767-332;
N1309T;1968;DC-9-31;
N130DL;1988;767-332;
N13110;1994;757-224;
N13113;1995;757-224;
N13118;2002;EMB-145XR;
N13123;2003;EMB-145XR;
N13124;2003;EMB-145XR;
N13132;2003;EMB-145XR;
N13133;2003;EMB-145XR;
N13138;1999;757-224;
N131DN;1990;767-332;
N13202;2006;EMB-145XR;
N13248;1999;737-824;
N1332U;1969;DC-9-31;
N13538;2001;EMB-145LR;
N13550;2002;EMB-145LR;
N13553;2002;EMB-145LR;
N13566;2002;EMB-145LR;
N135DL;1991;767-332;
N13624;1995;737-524;
N136DL;1991;767-332;
N13716;1998;737-724;
N13718;1999;737-724;
N13720;1999;737-724;
N13750;1999;737-724;
N137DL;1991;767-332;
N138DL;1991;767-332;
N13903;2001;EMB-145LR;
N13913;2001;EMB-145LR;
N13914;2001;EMB-145LR;
N13929;1997;EMB-145EP;
N13935;1997;EMB-145EP;
N13936;1997;EMB-145EP;
N13949;1998;EMB-145LR;
N13955;1998;EMB-145LR;
N13956;1998;EMB-145LR;
N13958;1998;EMB-145LR;
N13964;1999;EMB-145LR;
N13965;1999;EMB-145LR;
N13968;1999;EMB-145LR;
N13969;1999;EMB-145LR;
N13970;1999;EMB-145LR;
N13975;1999;EMB-145LR;
N13978;1999;EMB-145LR;
N13979;1999;EMB-145LR;
N13988;2000;EMB-145LR;
N13989;2000;EMB-145LR;
N13990;2000;EMB-145LR;
N13992;2000;EMB-145LR;
N13994;2000;EMB-145LR;
N13995;2000;EMB-145LR;
N13997;2000;EMB-145LR;
N139DL;1992;767-332;
N1402A;1993;767-332;
N140LL;1993;767-332;
N14102;1994;757-224;
N14105;2002;EMB-145XR;
N14106;1994;757-224;
N14107;1994;757-224;
N14116;2002;EMB-145XR;
N14117;2002;EMB-145XR;
N14118;1997;757-224;
N14125;2003;EMB-145XR;
N14143;2003;EMB-145XR;
N14148;2003;EMB-145XR;
N14153;2003;EMB-145XR;
N14158;2004;EMB-145XR;
N14162;2004;EMB-145XR;
N14171;2004;EMB-145XR;
N14177;2005;EMB-145XR;
N14179;2005;EMB-145XR;
N14180;2005;EMB-145XR;
N14188;2005;EMB-145XR;
N14198;2006;EMB-145XR;
N14203;2006;EMB-145XR;
N14204;2006;EMB-145XR;
N14214;1998;737-824;
N14219;1998;737-824;
N14230;1999;737-824;
N14231;1999;737-824;
N14237;1999;737-824;
N14242;1999;737-824;
N14250;1999;737-824;
N14308;1985;737-3TO;
N14320;1986;737-3TO;
N14324;1986;737-3TO;
N14335;1986;737-3TO;
N14336;1987;737-3TO;
N14341;1987;737-3TO;
N14358;1988;737-3TO;
N143DA;1998;767-332;
N144DA;1999;767-332;
N14542;2001;EMB-145LR;
N14543;2002;EMB-145LR;
N14558;;EMB-145LR;
N14573;2002;EMB-145LR;
N14601;1994;737-524;
N14604;1994;737-524;
N14605;1994;737-524;
N14609;1994;737-524;
N14628;1995;737-524;
N14629;1965;737-524;
N14639;1997;737-524;
N14645;1997;737-524;
N14652;1998;737-524;
N14653;1998;737-524;
N14704;1998;737-724;
N14731;1999;737-724;
N14735;1999;737-724;
N14902;2001;EMB-145LR;
N14904;2001;EMB-145LR;
N14905;2001;EMB-145LR;
N14916;2001;EMB-145LR;
N14920;2001;EMB-145LR;
N14923;2000;EMB-145LR;
N14933;1997;EMB-145EP;
N14937;1997;EMB-145EP;
N14939;1997;EMB-145EP;
N14940;1997;EMB-145EP;
N14947;1998;EMB-145EP;
N14950;1998;EMB-145LR;
N14959;1998;EMB-145LR;
N14960;1998;EMB-145LR;
N14972;1999;EMB-145LR;
N14974;1999;EMB-145LR;
N14977;1999;EMB-145LR;
N14991;2000;EMB-145LR;
N14993;2000;EMB-145LR;
N14998;2000;EMB-145LR;
N149AT;2004;737-76N;
N1501P;1990;767-3P6;
N154AW;1987;737-3G7;
N154SF;1996;CL-600-2B19;
N15555;;EMB-145LR;
N15572;2002;EMB-145LR;
N15574;;EMB-145LR;
N155AW;1987;737-3G7;
N156AW;1987;737-3G7;
N15710;1998;737-724;
N15712;1998;737-724;
N157AW;1987;737-3G7;
N15910;2001;EMB-145LR;
N15912;2001;EMB-145LR;
N15948;1998;EMB-145EP;
N15973;1999;EMB-145LR;
N15980;1999;EMB-145LR;
N15983;2000;EMB-145LR;
N15985;2000;EMB-145LR;
N15986;2000;EMB-145LR;
N16065;1999;767-332;
N1608;2000;767-332;
N16112;2002;EMB-145XR;
N1611B;2000;767-332;
N1612T;2001;767-332;
N1613B;2001;767-332;
N16147;2003;EMB-145XR;
N16149;2003;EMB-145XR;
N16151;2003;EMB-145XR;
N16183;2005;EMB-145XR;
N161UW;2001;A321-211;
N16217;1998;737-824;
N16234;1999;737-824;
N162UW;2001;A321-211;
N16301;1985;737-3TO;
N163US;2001;A321-211;
N164AW;1986;737-33A;
N16541;2001;EMB-145LR;
N16571;2002;EMB-145LR;
N165US;2001;A321-211;
N16617;;;
N16632;1995;737-524;
N16646;1997;737-524;
N16647;1997;737-524;
N16648;1997;737-524;
N16649;1997;737-524;
N166AT;2004;737-7BD;
N166AW;1986;737-33A;
N16701;1998;737-724;
N16703;1998;737-724;
N16709;1998;737-724;
N16713;1998;737-724;
N16732;1999;737-724;
N167AT;2004;737-7BD;
N167US;2001;A321-211;
N168AT;2004;737-76N;
N168AW;1986;737-33A;
N16911;2001;EMB-145LR;
N16918;2001;EMB-145LR;
N16919;2001;EMB-145LR;
N16927;1996;EMB-145EP;
N16944;1998;EMB-145EP;
N16951;1998;EMB-145LR;
N16954;1998;EMB-145LR;
N16961;1999;EMB-145LR;
N16963;1999;EMB-145LR;
N16976;1999;EMB-145LR;
N16987;2000;EMB-145LR;
N16999;2000;EMB-145LR;
N169AT;2004;737-76N;
N169UW;2001;A321-211;
N170US;2001;A321-211;
N17104;1994;757-224;
N17105;1994;757-224;
N17108;2002;EMB-145XR;
N17115;2002;EMB-145XR;
N17122;1997;757-224;
N17126;1998;757-224;
N17138;2003;EMB-145XR;
N17139;2000;757-224;
N17146;2003;EMB-145XR;
N17156;1996;CL-600-2B19;
N17159;2004;EMB-145XR;
N17175;1997;CL-600-2B19;
N17185;2005;EMB-145XR;
N17196;2005;EMB-145XR;
N171US;2001;A321-211;
N17229;1999;737-824;
N17231;1998;CL-600-2B19;
N17233;1999;737-824;
N17244;1999;737-824;
N17245;1999;737-824;
N17275;1998;CL-600-2B19;
N172US;2001;A321-211;
N17337;1999;CL-600-2B19;
N17344;1987;737-3TO;
N17345;1987;737-3TO;
N17356;1988;737-3TO;
N17358;;CL-600-2B19;
N173AT;2004;737-76N;
N173US;2001;A321-211;
N174AT;2004;737-76N;
N174DZ;1998;767-332;
N174US;;A321-211;
N175AT;2004;737-76N;
N175AW;1987;737-33A;
N175DN;1990;767-332;
N17614;;;
N17619;1994;737-524;
N17620;1994;737-524;
N17627;1995;737-524;
N17640;1997;737-524;
N17644;1997;737-524;
N176AT;2005;737-76N;
N176UW;2001;A321-211;
N17719;1999;737-724;
N17730;1999;737-724;
N177US;;A321-211;
N178DZ;2000;767-332;
N178JB;2005;ERJ 190-100 IGW;
N178US;2001;A321-211;
N17928;1996;EMB-145EP;
N17984;2000;EMB-145LR;
N1799U;1969;DC-9-31;
N179JB;2005;ERJ 190-100 IGW;
N179UW;2001;A321-211;
N180US;2001;A321-211;
N18101;2002;EMB-145XR;
N18102;2002;EMB-145XR;
N18114;2002;EMB-145XR;
N18119;1997;757-224;
N18120;2003;EMB-145XR;
N181UA;1991;747-422;
N181UW;;A321-211;
N18220;1998;737-824;
N18223;1998;737-824;
N18243;1999;737-824;
N182UW;2001;A321-211;
N183JB;2005;ERJ 190-100 IGW;
N183UW;2001;A321-211;
N184AT;2005;737-76N;
N184JB;2005;ERJ 190-100 IGW;
N184US;2002;A321-211;
N18556;2002;EMB-145LR;
N18557;;EMB-145LR;
N185DN;1995;767-332;
N185UW;2002;A321-211;
N18611;1994;737-524;
N186US;2002;A321-211;
N187JB;2005;ERJ 190-100 IGW;
N187US;2002;A321-211;
N188US;2002;A321-211;
N18982;2000;EMB-145LR;
N189UW;2001;A321-211;
N190JB;2005;ERJ 190-100 IGW;
N190UW;2001;A321-211;
N19130;1998;757-224;
N19136;1999;757-224;
N19141;2000;757-224;
N191UW;2001;A321-211;
N192JB;2005;ERJ 190-100 IGW;
N192UW;2001;A321-211;
N193JB;2005;ERJ 190-100 IGW;
N193UW;;;
N194UW;;;
N19554;2002;EMB-145LR;
N195UW;;;
N19621;1994;737-524;
N19623;1995;737-524;
N19638;1997;737-524;
N196DN;1997;767-332;
N197JB;2006;ERJ 190-100 IGW;
N197UA;1997;747-422;
N198JB;2006;ERJ 190-100 IGW;
N19966;1999;EMB-145LR;
N200AA;;;
N200WN;2005;737-7H4;
N201AA;1959;150;
N201FR;;A320-214;
N201LV;2005;737-7H4;
N201UU;1995;757-2B7;
N202AA;1980;421C;
N202FR;2008;A320-214;
N202UA;1990;737-322;
N202UW;1995;757-2B7;
N202WN;2005;737-7H4;
N203JB;2006;ERJ 190-100 IGW;
N203UA;1990;737-322;
N203UW;2000;757-23N;
N203WN;2005;737-7H4;
N204UW;2000;757-23N;
N204WN;2005;737-7H4;
N205UW;2000;757-23N;
N205WN;2005;737-7H4;
N206JB;2006;ERJ 190-100 IGW;
N206WN;2005;737-7H4;
N207WN;2005;737-7H4;
N208AA;1983;DC-9-82(MD-82);
N208WN;2005;737-7H4;
N209WN;2005;737-7H4;
N210UA;2000;777-222;
N210WN;2005;737-7H4;
N21108;1994;757-224;
N21129;2003;EMB-145XR;
N21130;2003;EMB-145XR;
N21144;2003;EMB-145XR;
N21154;2003;EMB-145XR;
N21197;2006;EMB-145XR;
N211UA;2000;777-222;
N211WN;2005;737-7H4;
N212UA;2000;777-222;
N212WN;2005;737-7H4;
N213WN;2005;737-7H4;
N214AA;1983;DC-9-82(MD-82);
N214UA;2000;777-222;
N214WN;2005;737-7H4;
N21537;2001;EMB-145LR;
N215UA;2000;777-222;
N215WN;2005;737-7H4;
N216JB;2006;ERJ 190-100 IGW;
N216SW;1993;EMB-120;
N216WR;2005;737-7H4;
N21723;1999;737-724;
N217JC;2005;737-7H4;
N217SW;1993;EMB-120ER;
N218SW;1994;EMB-120ER;
N218WN;2005;737-7H4;
N219AA;1983;DC-9-82(MD-82);
N219UA;2001;777-222;
N219WN;2005;737-7H4;
N220SW;1994;EMB-120ER;
N220WN;2005;737-7H4;
N221SW;1994;EMB-120ER;
N221WN;2005;737-7H4;
N222WN;2005;737-7H4;
N223AA;1983;DC-9-82(MD-82);
N223SW;1995;EMB-120ER;
N223UA;2001;777-222;
N223WN;2005;737-7H4;
N224SW;1995;EMB-120ER;
N224WN;2005;737-7H4;
N225WN;2005;737-7H4;
N226SW;1995;EMB-120ER;
N226WN;2005;737-7H4;
N227AA;1983;DC-9-82(MD-82);
N227WN;2005;737-7H4;
N228UA;2002;777-222;
N228WN;2005;737-7H4;
N22971;1999;EMB-145LR;
N229JB;2006;ERJ 190-100 IGW;
N229WN;2006;737-7H4;
N230WN;2006;737-7H4;
N23139;2003;EMB-145XR;
N231JB;2006;ERJ 190-100 IGW;
N231WN;2006;737-7H4;
N232AA;1983;DC-9-82(MD-82);
N232SW;1995;EMB-120ER;
N232WN;2006;737-7H4;
N233AA;1983;DC-9-82(MD-82);
N233LV;2006;737-7H4;
N233SW;1995;EMB-120ER;
N234AA;1983;DC-9-82(MD-82);
N234SW;1996;EMB-120ER;
N234WN;2006;737-7H4;
N235SW;;EMB-120ER;
N235WN;2006;737-7H4;
N236AA;1984;DC-9-82(MD-82);
N236JB;2006;ERJ 190-100 IGW;
N236SW;1996;EMB-120ER;
N236WN;2006;737-7H4;
N23707;1998;737-724;
N23708;1998;737-724;
N23721;1999;737-724;
N237AA;1984;DC-9-82(MD-82);
N237SW;1996;EMB-120ER;
N237WN;2006;737-7H4;
N238JB;;ERJ 190-100 IGW;
N238WN;2005;737-7H4;
N239WN;2006;737-7H4;
N240AT;2005;737-76N;
N240MQ;;;
N240WN;2006;737-7H4;
N24103;2002;EMB-145XR;
N241AA;1984;DC-9-82(MD-82);
N241WN;2006;737-7H4;
N24202;2000;737-824;
N24211;1998;737-824;
N24212;1998;737-824;
N24224;1998;737-824;
N242AA;1984;DC-9-82(MD-82);
N242WN;2006;737-7H4;
N243WN;2006;737-7H4;
N244AA;1984;DC-9-82(MD-82);
N244WN;2006;737-7H4;
N245AA;1984;DC-9-82(MD-82);
N245WN;2006;737-7H4;
N24633;1995;737-524;
N246AA;1984;DC-9-82(MD-82);
N246AY;1987;767-201;
N246LV;2006;737-7H4;
N24702;1998;737-724;
N24706;1998;737-724;
N24715;1998;737-724;
N24729;1999;737-724;
N24736;1999;737-724;
N247JB;2006;ERJ 190-100 IGW;
N247WN;2006;737-7H4;
N248AA;1984;DC-9-82(MD-82);
N248WN;2006;737-7H4;
N249AA;1984;DC-9-82(MD-82);
N249AU;1987;767-201;
N249JB;2006;ERJ 190-100 IGW;
N249WN;2006;737-7H4;
N250MQ;;;
N250WN;2006;737-7H4;
N25134;2003;EMB-145XR;
N251WN;2006;737-7H4;
N252AU;1990;767-2B7;
N252WN;2006;737-7H4;
N253AA;;;
N253MQ;;;
N253WN;2006;737-7H4;
N254WN;2006;737-7H4;
N255AA;1984;DC-9-82(MD-82);
N255WN;2006;737-7H4;
N256AY;1993;767-2B7;
N256WN;2006;737-7H4;
N25705;1998;737-724;
N257WN;2006;737-7H4;
N258AA;1985;DC-9-82(MD-82);
N258JB;2006;ERJ 190-100 IGW;
N258WN;2006;737-7H4;
N259AA;1985;DC-9-82(MD-82);
N259WN;2006;737-7H4;
N260WN;2006;737-7H4;
N26123;1997;757-224;
N26141;2003;EMB-145XR;
N261AT;2005;737-76N;
N261WN;2006;737-7H4;
N26208;2000;737-824;
N26210;1998;737-824;
N26215;1998;737-824;
N262WN;2006;737-7H4;
N263WN;2007;737-7H4;
N264LV;2007;737-7H4;
N26545;2002;EMB-145LR;
N26549;2002;EMB-145LR;
N265JB;2006;ERJ 190-100 IGW;
N265WN;2007;737-7H4;
N266AA;1985;DC-9-82(MD-82);
N266JB;2007;ERJ 190-100 IGW;
N266WN;2007;737-7H4;
N267AT;2005;737-7BD;
N267JB;2007;ERJ 190-100 IGW;
N267WN;2007;737-7H4;
N268WN;2007;737-7H4;
N269WN;2007;737-7H4;
N270WN;1998;737-705;
N270YV;1993;EMB-120ER;
N27152;2003;EMB-145XR;
N27172;1997;CL-600-2B19;
N27185;1997;CL-600-2B19;
N27190;2005;EMB-145XR;
N27191;1997;CL-600-2B19;
N271AA;1985;DC-9-82(MD-82);
N271LV;;;
N271YV;1993;EMB-120ER;
N27200;2006;EMB-145XR;
N27205;2000;737-824;
N27213;1998;737-824;
N27239;1999;737-824;
N272AT;2005;737-7BD;
N272WN;2007;737-7H4;
N27314;1999;CL-600-2B19;
N27318;1999;CL-600-2B19;
N273AT;2005;737-76N;
N273JB;2007;ERJ 190-100 IGW;
N273WN;2007;737-7H4;
N27421;;;
N274AA;1984;DC-9-82(MD-82);
N274AY;2000;A330-323;
N274JB;2007;ERJ 190-100 IGW;
N274WN;2007;737-7H4;
N275WN;2007;737-7H4;
N276AT;2005;737-76N;
N276WN;2007;737-7H4;
N27722;1999;737-724;
N27724;1999;737-724;
N27733;1999;737-724;
N27734;1999;737-724;
N277AY;2001;A330-323;
N277WN;2007;737-7H4;
N278AA;1985;DC-9-82(MD-82);
N278AT;2005;737-76N;
N278WN;2007;737-7H4;
N27962;1999;EMB-145;
N279AA;1985;DC-9-82(MD-82);
N279AT;2005;737-76N;
N279JB;2007;ERJ 190-100 IGW;
N279WN;2007;737-7H4;
N280WN;2007;737-7H4;
N281AT;2006;737-7BD;
N281JB;2007;ERJ 190-100 IGW;
N281WN;2007;737-7H4;
N282WN;2007;737-7H4;
N283AT;2006;737-7BD;
N283JB;2007;ERJ 190-100 IGW;
N283WN;2007;737-7H4;
N284AT;2006;737-76N;
N284JB;;ERJ 190-100 IGW;
N284WN;2007;737-7H4;
N284YV;1994;EMB-120ER;
N285AT;2006;737-76N;
N285WN;2007;737-7H4;
N286WN;2004;737-7H4;
N287AA;1985;DC-9-82(MD-82);
N287AT;2006;737-76N;
N287WN;2007;737-7H4;
N288AT;2006;737-7BD;
N288SW;1996;EMB-120ER;
N288WN;2007;737-7H4;
N289AT;2006;737-76N;
N289JB;;ERJ 190-100 IGW;
N289WN;;;
N290AA;1985;DC-9-82(MD-82);
N290AT;2006;737-7BD;
N290SW;1996;EMB-120ER;
N290WN;2007;737-7H4;
N29124;1998;757-224;
N29129;1998;757-224;
N291AT;2006;737-76N;
N291SW;1996;EMB-120ER;
N291WN;2007;737-7H4;
N292AA;1985;DC-9-82(MD-82);
N292AT;2006;737-7BD;
N292JB;;;
N292SW;1996;EMB-120ER;
N292UX;1994;EMB-120ER;
N292WN;2007;737-7H4;
N293AA;1985;DC-9-82(MD-82);
N293WN;;;
N294JB;;;
N294SW;1996;EMB-120ER;
N294WN;2007;737-7H4;
N295AT;2006;737-76N;
N295SW;1996;EMB-120ER;
N295UX;1995;EMB-120ER;
N295WN;2007;737-7H4;
N296AT;2006;737-7BD;
N296SW;1996;EMB-120ER;
N296WN;2007;737-7H4;
N29717;1999;737-724;
N297SW;1996;EMB-120ER;
N297WN;2007;737-7H4;
N298AA;1985;DC-9-82(MD-82);
N298SW;1996;EMB-120ER;
N298WN;;737-7H4;
N29906;2001;EMB-145LR;
N29917;2001;EMB-145LR;
N299AT;2006;737-76N;
N299SW;1997;EMB-120ER;
N299WN;;737-7H4;
N300AT;2006;737-7BD;
N300SW;1984;737-3H4;
N301DQ;;;
N301US;1989;A320-211;
N301YV;1995;EMB-120ER;
N302AS;2003;737-990;
N302AW;1988;737-3G7;
N302DQ;;;
N302NB;1999;A319-114;
N303AS;2001;737-990;
N303AW;1988;737-3G7;
N303DQ;;;
N303SW;1985;737-3H4;
N30401;2001;737-924;
N304DQ;;;
N304SW;1985;737-3H4;
N305AS;2001;737-990;
N305AW;1988;737-3G7;
N305SW;1985;737-3H4;
N306AS;2001;737-990;
N307AS;2001;737-990;
N307AT;2006;737-7BD;
N307AW;1990;737-3G7;
N307SW;1985;737-3H4;
N308AT;2006;737-7BD;
N308SA;1986;737-3Y0;
N308SW;1997;EMB-120ER;
N309AS;2001;737-990;
N309AT;2006;737-7BD;
N309SW;1985;737-3H4;
N309US;1990;A320-211;
N310NW;1990;A320-211;
N310SW;1985;737-3H4;
N31131;2003;EMB-145XR;
N311AT;2006;737-7BD;
N311SW;1986;737-3H4;
N311UA;1987;737-322;
N311US;1990;A320-211;
N312AT;2006;737-7BD;
N312SW;1986;737-3H4;
N312US;1990;A320-211;
N313AT;2007;737-7BD;
N313AW;1987;737-3S3;
N313MQ;;;
N313SW;1986;737-3H4;
N313US;1990;A320-211;
N31412;2002;737-924;
N314AW;1987;737-3S3;
N314NB;2000;A319-114;
N314SW;1986;737-3H4;
N314UA;1987;737-322;
N314US;1991;A320-211;
N315AS;2002;737-990;
N315AT;2007;737-7BD;
N315AW;1987;737-3S3;
N315NB;2000;A319-114;
N315SW;1986;737-3H4;
N315UA;1987;737-322;
N315US;1991;A320-211;
N316AT;2007;737-7BD;
N316NB;2000;A319-114;
N316US;1991;A320-211;
N317AS;2003;737-990;
N317CA;2002;CL-600-2C10;
N317MQ;;;
N317NB;2000;A319-114;
N317US;1991;A320-211;
N318AS;2003;737-990;
N318AT;2007;737-7BD;
N318NB;2000;A319-114;
N318SW;1986;737-3H4;
N318UA;1988;737-322;
N318US;1991;A320-211;
N319AA;1985;767-223;
N319NB;2000;A319-114;
N319US;1991;A320-211;
N320AA;1985;767-223;
N320AS;2003;737-990;
N320NB;2000;A319-114;
N320US;1991;A320-211;
N321AA;1986;767-223;
N321NB;2001;A319-114;
N321US;1992;A320-211;
N322AA;1986;767-223;
N322AW;1991;737-3G7;
N322NB;2001;A319-114;
N322US;1992;A320-211;
N323AA;;767-223;
N323AS;2004;737-990;
N323MQ;;;
N323NB;2001;A319-114;
N32404;2001;737-924;
N324AA;1986;767-223;
N324MQ;;;
N324NB;2001;A319-114;
N324US;1992;A320-211;
N325AA;1986;767-223;
N325NB;2001;A319-114;
N325SW;1987;737-3H4;
N325UA;1988;737-322;
N325US;1992;A320-211;
N32626;1995;737-524;
N326AT;2007;737-7BD;
N326NB;2001;A319-114;
N326SW;1987;737-3H4;
N326UA;1988;737-322;
N326US;1992;A320-211;
N327AA;1986;767-223;
N327NB;2001;A319-114;
N327NW;1992;A320-211;
N327SW;1987;737-3H4;
N327UA;1988;737-322;
N328AA;1986;767-223;
N328AT;;737-7BD;
N328NW;1992;A320-211;
N328SW;1988;737-3H4;
N328UA;1988;737-322;
N329AA;1987;767-223;
N329AT;2007;737-7BD;
N329NB;2001;A319-114;
N329NW;1992;A320-211;
N329SW;1988;737-3H4;
N329UA;1988;737-322;
N330AT;2007;737-7BD;
N330SW;1988;737-3H4;
N330UA;1988;737-322;
N33103;1994;757-224;
N33132;1998;757-224;
N33182;2005;EMB-145XR;
N331CA;2002;CL-600-2C10;
N331NW;1992;A320-211;
N331SW;1988;737-3H4;
N331UA;1988;737-322;
N33203;2000;737-824;
N3324L;1967;DC-9-32;
N33262;2001;737-824;
N33264;2001;737-824;
N33266;2001;737-824;
N33284;2004;737-824;
N33286;2004;737-824;
N33289;2004;737-824;
N33292;;737-824;
N33294;2005;737-824;
N332AA;1987;767-223;
N332AW;1987;737-3B7;
N332NB;2001;A319-114;
N332NW;1992;A320-211;
N332SW;1988;737-3H4;
N333NB;2001;A319-114;
N333NW;1992;A320-211;
N333SW;1988;737-3H4;
N333UA;1988;737-322;
N334AW;1987;737-3Y0;
N334NB;2002;A319-114;
N334NW;1992;A320-212;
N334SW;1988;737-3H4;
N334UA;1988;737-322;
N335AA;1987;767-223;
N335NB;2002;A319-114;
N335NW;1992;A320-212;
N335SW;1988;737-3H4;
N335UA;1988;737-322;
N336AA;1987;767-223;
N336AT;2008;737-7BD;
N336NB;2002;A319-114;
N336SW;1988;737-3H4;
N33714;1998;737-724;
N337AT;2008;737-7BD;
N337NB;2002;A319-114;
N337NW;1992;A320-212;
N337SW;1988;737-3H4;
N337UA;1988;737-322;
N338AA;1987;767-223;
N338AT;2008;737-7BD;
N338NB;2002;A319-114;
N338NW;1992;A320-212;
N338SW;1988;737-3H4;
N338UA;1988;737-322;
N339AA;1988;767-223;
N339NB;2002;A319-114;
N339NW;1992;A320-212;
N339SW;1988;737-3H4;
N339UA;1988;737-322;
N340CA;2002;CL-600-2C10;
N340LV;1987;737-3K2;
N340NB;2002;A319-114;
N340UA;1988;737-322;
N34110;2002;EMB-145XR;
N34111;2002;EMB-145XR;
N34131;1998;757-224;
N34137;1999;757-224;
N341NB;2002;A319-114;
N341NW;1992;A320-212;
N34282;2004;737-824;
N342AA;;;
N342NB;2002;A319-114;
N342NW;1993;A320-212;
N342SW;1989;737-3H4;
N343AA;1979;S-76A;
N343NB;2002;A319-114;
N343NW;1993;A320-212;
N343SW;1989;737-3H4;
N344AT;2008;737-7BD;
N344NB;2002;A319-114;
N344NW;1993;A320-212;
N344SW;1989;737-3H4;
N345AA;1992;G-IV;
N345NB;;A319-114;
N345NW;1993;A320-212;
N345SA;1987;737-3K2;
N346NB;2002;A319-114;
N346SW;1989;737-3H4;
N346UA;1988;737-322;
N347NB;2002;A319-114;
N347NW;1993;A320-212;
N347SW;1989;737-3H4;
N347UA;1988;737-322;
N348AA;;S-76A;
N348NB;2002;A319-114;
N348NW;1993;A320-212;
N348UA;1988;737-322;
N349NB;2002;A319-114;
N349NW;1996;A320-212;
N349SW;1989;737-3H4;
N34CA;;;
N350AA;1980;PA-31-350;
N350NA;1993;A320-212;
N350SW;1989;737-3H4;
N350UA;1989;737-322;
N351NW;1997;A320-212;
N351SW;1989;737-3H4;
N351UA;1989;737-322;
N35204;2000;737-824;
N35260;2001;737-824;
N35271;2001;737-824;
N352AA;1988;767-323;
N352NW;1998;A320-212;
N352SW;1990;737-3H4;
N353AA;1988;767-323;
N353NB;2002;A319-114;
N353NW;1998;A320-212;
N353SW;1990;737-3H4;
N35407;2001;737-924;
N354AA;1988;767-323;
N354CA;2002;CL-600-2C10;
N354NW;1998;A320-212;
N354SW;1991;737-3H4;
N355AA;1988;767-323;
N355CA;2002;CL-600-2C10;
N355NB;2002;A319-114;
N355NW;1998;A320-212;
N356AA;;;
N356NW;1998;A320-212;
N356SW;1991;737-3H4;
N357AA;1988;767-323;
N357NB;2002;A319-114;
N357NW;1998;A320-212;
N357SW;1992;737-3H4;
N358AA;1988;767-323;
N358NB;2003;A319-114;
N358NW;1998;A320-212;
N358SW;1992;737-3H4;
N359AA;1988;767-323;
N359NB;2003;A319-114;
N359NW;1998;A320-212;
N360AA;1988;767-323;
N360NB;2003;A319-114;
N360NW;1998;A320-212;
N360SW;1992;737-3H4;
N361NB;2003;A319-114;
N361NW;1998;A320-212;
N361SW;1992;737-3H4;
N36207;2000;737-824;
N36247;1999;737-824;
N36272;2001;737-824;
N36280;2003;737-824;
N362AA;1988;767-323;
N362NW;1998;A320-212;
N362SW;1992;737-3H4;
N363AA;1988;767-323;
N363NB;2003;A319-114;
N363NW;1998;A320-212;
N363SW;1993;737-3H4;
N364NB;2003;A319-114;
N364NW;1999;A320-212;
N365NB;2003;A319-114;
N365NW;1999;A320-212;
N365SW;1993;737-3H4;
N365UA;1989;737-322;
N366NB;2003;A319-114;
N366NW;1999;A320-212;
N366UA;1989;737-322;
N367AA;;;
N367CA;2002;CL-600-2C10;
N367NW;1999;A320-212;
N367SW;1993;737-3H4;
N367UA;1989;737-322;
N368CA;2003;CL-600-2C10;
N368NB;2003;A319-114;
N368NW;1999;A320-212;
N368SW;1993;737-3H4;
N36915;2001;EMB-145LR;
N369AA;1992;767-323;
N369CA;2003;CL-600-2C10;
N369NB;2003;A319-114;
N369NW;1999;A320-212;
N369SW;1993;737-3H4;
N369UA;1989;737-322;
N370AA;1992;767-323;
N370NB;2003;A319-114;
N370NW;1999;A320-212;
N370SW;1993;737-3H4;
N370UA;1989;737-322;
N37178;1997;CL-600-2B19;
N371AA;1992;767-323;
N371CA;2003;CL-600-2C10;
N371DA;1998;737-832;
N371NB;2003;A319-114;
N371NW;2001;A320-212;
N371SW;1993;737-3H4;
N371UA;1989;737-322;
N37208;1997;CL-600-2B19;
N37252;2000;737-824;
N37253;2000;737-824;
N37255;2000;737-824;
N37263;2001;737-824;
N37267;2001;737-824;
N37273;2001;737-824;
N37274;2002;737-824;
N37277;2002;737-824;
N37281;2003;737-824;
N37287;2004;737-824;
N37290;2004;737-824;
N37293;2005;737-824;
N37298;2005;737-824;
N372AA;1992;767-323;
N372DA;1998;737-832;
N372NW;2001;A320-212;
N372SW;1993;737-3H4;
N372UA;1989;737-322;
N3730B;2000;737-832;
N3731T;2000;737-832;
N3732J;2000;737-832;
N3733Z;2000;737-832;
N37342;1999;CL-600-2B19;
N3734B;2000;737-832;
N3735D;2000;737-832;
N3736C;2000;737-832;
N3737C;2000;737-832;
N3738B;2000;737-832;
N3739P;;;
N373DA;1998;737-832;
N373NW;2001;A320-212;
N373SW;1993;737-3H4;
N373UA;1989;737-322;
N37408;2001;737-924;
N37409;2001;737-924;
N3740C;2000;737-832;
N37413;;737-924ER;
N37419;2008;737-924ER;
N3741S;2001;737-832;
N37420;;737-924ER;
N37422;;;
N37427;;;
N3742C;2001;737-832;
N3743H;2001;737-832;
N3744D;1957;182A;
N3745B;2001;737-832;
N3746H;2001;737-832;
N3747D;2001;737-832;
N3748Y;2001;737-832;
N3749D;2001;737-832;
N374AA;1992;767-323;
N374CA;;CL-600-2C10;
N374DA;1998;737-832;
N374NW;2001;A320-212;
N374SW;1993;737-3H4;
N374UA;1989;737-322;
N3750D;2001;737-832;
N3751B;2001;737-832;
N3752;2001;737-832;
N3753;2001;737-832;
N3754A;2001;737-832;
N3755D;2001;737-832;
N3756;2001;737-832;
N3757D;2001;737-832;
N3758Y;2001;737-832;
N3759;2001;737-832;
N375AA;1974;690A;
N375DA;1998;737-832;
N375NC;2002;A320-212;
N375SW;1993;737-3H4;
N375UA;1989;737-322;
N3760C;2001;737-832;
N37615;1994;737-524;
N3761R;2001;737-832;
N3762Y;2001;737-832;
N3763D;2001;737-832;
N3764D;2001;737-832;
N3765;2001;737-832;
N3767;2001;737-832;
N3768;2002;737-832;
N3769L;2002;737-832;
N376AA;1978;PA-32RT-300;
N376CA;2003;CL-600-2C10;
N376DA;1999;737-832;
N376NW;2002;A320-212;
N376SW;1994;737-3H4;
N376UA;1990;737-322;
N37700;2002;737-832;
N3771K;2002;737-832;
N377AA;;FALCON XP;
N377DA;1999;737-832;
N377NW;2003;A320-211;
N377UA;1990;737-322;
N378AA;1963;172E;
N378CA;2003;CL-600-2C10;
N378DA;1999;737-832;
N378NW;2003;A320-211;
N378SW;1994;737-3H4;
N379AA;1993;767-323;
N379CA;2003;CL-600-2C10;
N379DA;1999;737-832;
N379SW;1994;737-3H4;
N379UA;1990;737-322;
N380AA;;AS 355F1;
N380DA;1999;737-832;
N380SW;1994;737-3H4;
N381AA;1956;DC-7BF;
N381UA;1990;737-322;
N38257;2000;737-824;
N38268;2001;737-824;
N382AA;;1121;
N382DA;1999;737-832;
N382SW;1994;737-3H4;
N382UA;1990;737-322;
N383AA;1972;E-90;
N383DN;1999;737-832;
N383UA;1990;737-322;
N38403;2001;737-924;
N38417;2008;737-924ER;
N38424;;;
N384AA;1993;767-323;
N384DA;1999;737-832;
N384SW;1994;737-3H4;
N385AA;;;
N385DN;1999;737-832;
N385SW;1994;737-3H4;
N385UA;1990;737-322;
N386DA;1999;737-832;
N386SW;1994;737-3H4;
N386UA;1990;737-322;
N38727;1999;737-724;
N387AA;;;
N387DA;2000;737-832;
N387SW;1994;737-3H4;
N388AA;1995;767-323;
N388DA;2000;737-832;
N388SW;1994;737-3H4;
N389DA;2000;737-832;
N389SW;1994;737-3H4;
N390AA;1995;767-323;
N390CA;2003;CL-600-2C10;
N390DA;2000;737-832;
N390SW;1994;737-3H4;
N391AA;1995;767-323;
N391CA;2003;CL-600-2C10;
N391DA;2000;737-832;
N391SW;1994;737-3H4;
N39297;2005;737-824;
N392DA;2000;737-832;
N392SW;1994;737-3H4;
N393DA;2000;737-832;
N393SW;1997;EMB-120ER;
N39415;2008;737-924ER;
N39416;2008;737-924ER;
N39418;2008;737-924ER;
N39423;;;
N394AA;2007;A-1B;
N394DA;2000;737-832;
N394SW;1994;737-3H4;
N395DN;2000;737-832;
N395SW;1994;737-3H4;
N396DA;2000;737-832;
N39726;1999;737-724;
N39728;1999;737-724;
N397AA;;;
N397DA;2000;737-832;
N397SW;1995;737-3H4;
N398AA;;;
N398CA;2003;CL-600-2C10;
N398DA;2000;737-832;
N398SW;1995;737-3H4;
N399AA;;;
N399DA;2000;737-832;
N399UA;1990;737-322;
N399WN;1995;737-3H4;
N3AAAA;;;
N3ABAA;;;
N3ACAA;;;
N3AEAA;;;
N3AFAA;;;
N3AGAA;;;
N3AHAA;;;
N3AJAA;;;
N3AKAA;;;
N3ALAA;;;
N3AMAA;;;
N3ANAA;;;
N3APAA;;;
N3ARAA;;;
N3ASAA;;;
N3ATAA;;;
N3AUAA;;;
N3AVAA;;;
N3AWAA;;;
N3AYAA;;;
N3BAAA;;;
N3BBAA;;;
N3BCAA;;;
N3BDAA;;;
N3BEAA;;;
N3BFAA;;;
N3BGAA;;;
N3BHAA;;;
N3BJAA;;;
N3BKAA;;;
N3BLAA;;;
N3BMAA;;;
N3BNAA;;;
N3BPAA;;;
N3BRAA;;;
N3BSAA;;;
N3BTAA;;;
N3BUAA;;;
N3BVAA;;;
N3BWAA;;;
N3BXAA;;;
N3BYAA;;;
N3CAAA;;;
N3CBAA;;;
N3CCAA;;;
N3CDAA;;;
N3CEAA;;;
N3CFAA;;;
N3CGAA;;;
N3CHAA;;;
N3CJAA;;;
N3CKAA;;;
N3CLAA;;;
N3CMAA;;;
N3CNAA;;;
N3CPAA;;;
N3CRAA;;;
N3CSAA;;;
N3CTAA;;;
N3CUAA;;;
N3CVAA;;;
N3CWAA;;;
N3CXAA;;;
N3CYAA;;;
N3DAAA;;;
N3DBAA;;;
N3DCAA;;;
N3DDAA;;;
N3DEAA;;;
N3DFAA;;;
N3DGAA;;;
N3DHAA;;;
N3DJAA;;;
N3DKAA;;;
N3DLAA;;;
N400WN;2001;737-7H4;
N401AA;;S-50A;
N401EA;1975;DC-9-51;
N401UA;1993;A320-232;
N401WN;2001;737-7H4;
N402UA;1993;A320-232;
N402WN;2001;737-7H4;
N403AA;;;
N403SW;1993;CL-600-2B19;
N403UA;1993;A320-232;
N403WN;2001;737-7H4;
N404US;1989;737-401;
N404WN;2001;737-7H4;
N405SW;1993;CL-600-2B19;
N405UA;1993;A320-232;
N405US;1989;737-401;
N405WN;2001;737-7H4;
N406SW;1993;CL-600-2B19;
N406UA;1994;A320-232;
N406US;1988;737-401;
N406WN;2001;737-7H4;
N407SW;1994;CL-600-2B19;
N407UA;1994;A320-232;
N407WN;2001;737-7H4;
N408AA;1986;DC-9-82(MD-82);
N408CA;2000;CL-600-2B19;
N408SW;1994;CL-600-2B19;
N408UA;1994;A320-232;
N408WN;2001;737-7H4;
N409CA;2000;CL-600-2B19;
N409SW;1994;CL-600-2B19;
N409UA;1994;A320-232;
N409US;1988;737-401;
N409WN;2001;737-7H4;
N410AA;1986;DC-9-82(MD-82);
N410SW;1995;CL-600-2B19;
N410UA;1994;A320-232;
N410WN;2001;737-7H4;
N41104;2002;EMB-145XR;
N41135;1999;757-224;
N41140;2000;757-224;
N411AA;1986;DC-9-82(MD-82);
N411SW;1995;CL-600-2B19;
N411UA;1994;A320-232;
N411WN;2001;737-7H4;
N412AA;1986;DC-9-82(MD-82);
N412SW;1995;CL-600-2B19;
N412UA;1994;A320-232;
N412WN;2001;737-7H4;
N413AA;1986;DC-9-82(MD-82);
N413SW;1996;CL-600-2B19;
N413UA;1994;A320-232;
N413WN;2001;737-7H4;
N414AA;;;
N414UA;1994;A320-232;
N414WN;2001;737-7H4;
N415AA;1986;DC-9-82(MD-82);
N415UA;1994;A320-232;
N415WN;2001;737-7H4;
N416AA;1986;DC-9-82(MD-82);
N416SW;1995;CL-600-2B19;
N416UA;1994;A320-232;
N416WN;2001;737-7H4;
N417AA;1986;DC-9-82(MD-82);
N417SW;;CL-600-2B19;
N417UA;1994;A320-232;
N417US;1989;737-401;
N417WN;2001;737-7H4;
N418AA;1986;DC-9-82(MD-82);
N418UA;1994;A320-232;
N418US;1989;737-401;
N418WN;2001;737-7H4;
N419AA;1986;DC-9-82(MD-82);
N419UA;1994;A320-232;
N419US;1989;737-401;
N419WN;2001;737-7H4;
N420AA;1986;DC-9-82(MD-82);
N420CA;2000;CL-600-2B19;
N420UA;1994;A320-232;
N420US;1989;737-401;
N420WN;2001;737-7H4;
N421AA;1962;421C;
N421LV;2001;737-7H4;
N421UA;1994;A320-232;
N421US;1989;737-401;
N422AA;1986;DC-9-82(MD-82);
N422UA;1995;A320-232;
N422US;1989;737-401;
N422WN;2002;737-7H4;
N423AA;1986;DC-9-82(MD-82);
N423SW;2000;CL-600-2B19;
N423UA;1995;A320-232;
N423US;1989;737-401;
N423WN;2002;737-7H4;
N424AA;1986;DC-9-82(MD-82);
N424UA;1995;A320-232;
N424US;1989;737-401;
N424WN;2002;737-7H4;
N425AA;1968;PA-28-180;
N425LV;2002;737-7H4;
N425UA;1995;A320-232;
N425US;1989;737-401;
N426AA;1986;DC-9-82(MD-82);
N426SW;2001;CL-600-2B19;
N426UA;1995;A320-232;
N426US;1989;737-4B7;
N426WN;2002;737-7H4;
N427AA;1986;DC-9-82(MD-82);
N427CA;2000;CL-600-2B19;
N427SW;2001;CL-600-2B19;
N427UA;1995;A320-232;
N427US;1989;737-4B7;
N427WN;2002;737-7H4;
N428UA;1995;A320-232;
N428WN;2002;737-7H4;
N429SW;2001;CL-600-2B19;
N429UA;1995;A320-232;
N429WN;2002;737-7H4;
N430AA;1986;DC-9-82(MD-82);
N430CA;2000;CL-600-2B19;
N430SW;2001;CL-600-2B19;
N430UA;1996;A320-232;
N430US;1989;737-4B7;
N430WN;2002;737-7H4;
N431AA;1986;DC-9-82(MD-82);
N431SW;2001;CL-600-2B19;
N431UA;1996;A320-232;
N431WN;2002;737-7H4;
N432AA;1987;DC-9-82(MD-82);
N432SW;2001;CL-600-2B19;
N432UA;1996;A320-232;
N432WN;2003;737-7H4;
N433AA;1987;DC-9-83(MD-83);
N433LV;2003;737-7H4;
N433SW;2001;CL-600-2B19;
N433UA;1996;A320-232;
N433US;1990;737-4B7;
N434AA;1987;DC-9-83(MD-83);
N434UA;1996;A320-232;
N434US;1990;737-4B7;
N434WN;2003;737-7H4;
N434YV;1996;DHC-8-202;
N435AA;1987;DC-9-83(MD-83);
N435CA;2001;CL-600-2B19;
N435SW;2001;CL-600-2B19;
N435UA;1996;A320-232;
N435US;1990;737-4B7;
N435WN;2003;737-7H4;
N436AA;1987;DC-9-83(MD-83);
N436CA;2001;CL-600-2B19;
N436UA;1996;A320-232;
N436WN;2003;737-7H4;
N436YV;1996;DHC-8-202;
N437AA;1987;DC-9-83(MD-83);
N437SW;2001;CL-600-2B19;
N437UA;1997;A320-232;
N437WN;2003;737-7H4;
N437YV;;DHC-8-202;
N438AA;1987;DC-9-83(MD-83);
N438SW;2001;CL-600-2B19;
N438UA;1997;A320-232;
N438US;1990;737-4B7;
N438WN;2003;737-7H4;
N439AA;1987;DC-9-83(MD-83);
N439SW;2001;CL-600-2B19;
N439UA;1997;A320-232;
N439US;1990;737-4B7;
N439WN;2003;737-7H4;
N440AA;1987;DC-9-82(MD-82);
N440LV;2003;737-7H4;
N440SW;2001;CL-600-2B19;
N440UA;1997;A320-232;
N440US;1990;737-4B7;
N441AA;1987;DC-9-82(MD-82);
N441SW;2002;CL-600-2B19;
N441UA;1997;A320-232;
N441US;1990;737-4B7;
N441WN;2003;737-7H4;
N442AA;1987;DC-9-82(MD-82);
N442CA;2001;CL-600-2B19;
N442SW;2002;CL-600-2B19;
N442UA;1998;A320-232;
N442US;1990;737-4B7;
N442WN;2003;737-7H4;
N443AA;1987;DC-9-82(MD-82);
N443CA;2001;CL-600-2B19;
N443SW;;CL-600-2B19;
N443UA;1998;A320-232;
N443US;1990;737-4B7;
N443WN;2003;737-7H4;
N444AA;1973;182P;
N444UA;1998;A320-232;
N444US;1990;737-4B7;
N444WN;2003;737-7H4;
N444YV;1996;DHC-8-202;
N445AA;1987;DC-9-82(MD-82);
N445SW;2002;CL-600-2B19;
N445UA;1998;A320-232;
N445US;1990;737-4B7;
N445WN;2003;737-7H4;
N445YV;1996;DHC-8-202;
N446AA;1987;DC-9-82(MD-82);
N446CA;;CL-600-2B19;
N446SW;2002;CL-600-2B19;
N446UA;1998;A320-232;
N446WN;2003;737-7H4;
N446YV;1996;DHC-8-202;
N447AA;1987;DC-9-82(MD-82);
N447CA;2001;CL-600-2B19;
N447SW;2002;CL-600-2B19;
N447UA;1998;A320-232;
N447WN;2003;737-7H4;
N447YV;1996;DHC-8-202;
N448AA;1987;DC-9-82(MD-82);
N448SW;2002;CL-600-2B19;
N448WN;2003;737-7H4;
N448YV;1996;DHC-8-202;
N449AA;1987;DC-9-82(MD-82);
N449SW;2002;CL-600-2B19;
N449UA;1998;A320-232;
N449US;1990;737-4B7;
N449WN;2003;737-7H4;
N449YV;1996;DHC-8-202;
N450AA;1987;DC-9-82(MD-82);
N450UW;1990;737-4B7;
N450WN;2004;737-7H4;
N451AA;1987;DC-9-82(MD-82);
N451CA;2001;CL-600-2B19;
N451UA;1998;A320-232;
N451UW;1990;737-4B7;
N451WN;2004;737-7H4;
N452AA;1988;DC-9-82(MD-82);
N452SW;2002;CL-600-2B19;
N452UA;1999;A320-232;
N452UW;1991;737-4B7;
N452WN;2004;737-7H4;
N453AA;1988;DC-9-82(MD-82);
N453SW;2003;CL-600-2B19;
N453UA;1999;A320-232;
N453UW;1991;737-4B7;
N453WN;2004;737-7H4;
N454AA;1987;DC-9-82(MD-82);
N454SW;2003;CL-600-2B19;
N454UA;1999;A320-232;
N454UW;1991;737-4B7;
N454WN;2004;737-7H4;
N454YV;1997;DHC-8-202;
N455AA;1988;DC-9-82(MD-82);
N455CA;2002;CL-600-2B19;
N455SW;2003;CL-600-2B19;
N455UA;1999;A320-232;
N455UW;1991;737-4B7;
N455WN;2004;737-7H4;
N455YV;1997;DHC-8-202;
N456AA;1988;DC-9-82(MD-82);
N456UA;1999;A320-232;
N456UW;1991;737-4B7;
N456WN;2004;737-7H4;
N457AA;1988;DC-9-82(MD-82);
N457SW;2003;CL-600-2B19;
N457UA;1999;A320-232;
N457UW;1991;737-4B7;
N457WN;2004;737-7H4;
N458AA;1988;DC-9-82(MD-82);
N458UA;2000;A320-232;
N458UW;1991;737-4B7;
N458WN;2004;737-7H4;
N459AA;1988;DC-9-82(MD-82);
N459SW;2003;CL-600-2B19;
N459UA;2000;A320-232;
N459UW;1991;737-4B7;
N459WN;2004;737-7H4;
N460AA;1988;DC-9-82(MD-82);
N460SW;2003;CL-600-2B19;
N460UW;1991;737-4B7;
N460WN;2004;737-7H4;
N461AA;1988;DC-9-82(MD-82);
N461SW;2003;CL-600-2B19;
N461UA;2000;A320-232;
N461WN;2004;737-7H4;
N462AA;1988;DC-9-82(MD-82);
N462UA;2000;A320-232;
N462WN;2004;737-7H4;
N463AA;1988;DC-9-82(MD-82);
N463SW;2003;CL-600-2B19;
N463UA;2000;A320-232;
N463WN;2004;737-7H4;
N464AA;1988;DC-9-82(MD-82);
N464SW;2003;CL-600-2B19;
N464UA;2000;A320-232;
N464WN;2004;737-7H4;
N465AA;;;
N465SW;2003;CL-600-2B19;
N465UA;2000;A320-232;
N465WN;2004;737-7H4;
N46625;1995;737-524;
N466AA;1988;DC-9-82(MD-82);
N466SW;2003;CL-600-2B19;
N466UA;;A320-232;
N466WN;2004;737-7H4;
N467AA;1988;DC-9-82(MD-82);
N467UA;2000;A320-232;
N467WN;2004;737-7H4;
N468AA;1988;DC-9-82(MD-82);
N468CA;;CL-600-2B19;
N468UA;2000;A320-232;
N468WN;2004;737-7H4;
N469AA;1988;DC-9-82(MD-82);
N469UA;2001;A320-232;
N469WN;2004;737-7H4;
N470AA;1988;DC-9-82(MD-82);
N470UA;2001;A320-232;
N470WN;2004;737-7H4;
N471AA;1988;DC-9-82(MD-82);
N471CA;2002;CL-600-2B19;
N471UA;2001;A320-232;
N47202;1997;CL-600-2B19;
N472AA;1988;DC-9-82(MD-82);
N472UA;2001;A320-232;
N472WN;2004;737-7H4;
N473AA;1988;DC-9-82(MD-82);
N473UA;2001;A320-232;
N473WN;2004;737-7H4;
N47414;;737-924ER;
N474AA;1974;172M;
N474UA;2001;A320-232;
N474WN;2004;737-7H4;
N475AA;1988;DC-9-82(MD-82);
N475HA;2001;717-200;
N475UA;2001;A320-232;
N475WN;2004;737-7H4;
N476AA;1988;DC-9-82(MD-82);
N476HA;2001;717-200;
N476UA;2001;A320-232;
N476WN;2004;737-7H4;
N477AA;1988;DC-9-82(MD-82);
N477CA;2002;CL-600-2B19;
N477HA;2001;717-200;
N477UA;2001;A320-232;
N477WN;2004;737-7H4;
N478AA;1988;DC-9-82(MD-82);
N478HA;2001;717-200;
N478UA;2001;A320-232;
N478WN;2004;737-7H4;
N479AA;1988;DC-9-82(MD-82);
N479CA;2002;CL-600-2B19;
N479HA;2001;717-200;
N479UA;2001;A320-232;
N479WN;2004;737-7H4;
N480AA;1988;DC-9-82(MD-82);
N480HA;2001;717-200;
N480UA;2001;A320-232;
N480WN;2004;737-7H4;
N48127;1998;757-224;
N481AA;1988;DC-9-82(MD-82);
N481HA;2001;717-200;
N481UA;2001;A320-232;
N481WN;2004;737-7H4;
N482AA;1988;DC-9-82(MD-82);
N482UA;2001;A320-232;
N482WN;2004;737-7H4;
N483AA;;;
N483HA;;;
N483UA;2001;A320-232;
N483WN;2004;737-7H4;
N484AA;1988;DC-9-82(MD-82);
N484HA;2001;717-200;
N484UA;2001;A320-232;
N484WN;2004;737-7H4;
N485AA;1988;DC-9-82(MD-82);
N485UA;2001;A320-232;
N485WN;2004;737-7H4;
N486AA;1988;DC-9-82(MD-82);
N486HA;2001;717-200;
N486UA;2001;A320-232;
N486WN;2004;737-7H4;
N487AA;1988;DC-9-82(MD-82);
N487HA;2001;717-200;
N487UA;2002;A320-232;
N487WN;2004;737-7H4;
N488AA;1988;DC-9-82(MD-82);
N488UA;2002;A320-232;
N488WN;2004;737-7H4;
N48901;2001;EMB-145LR;
N489AA;1989;DC-9-82(MD-82);
N489UA;2002;A320-232;
N489WN;2004;737-7H4;
N490AA;1989;DC-9-82(MD-82);
N490UA;2002;A320-232;
N490WN;2004;737-7H4;
N491AA;1989;DC-9-82(MD-82);
N491UA;2002;A320-232;
N491WN;2004;737-7H4;
N492AA;1989;DC-9-82(MD-82);
N492SW;1997;CL-600-2B19;
N492UA;2002;A320-232;
N492WN;2004;737-7H4;
N493AA;1989;DC-9-82(MD-82);
N493UA;2002;A320-232;
N493WN;2004;737-7H4;
N494AA;1989;DC-9-82(MD-82);
N494CA;2003;CL-600-2B19;
N494UA;2002;A320-232;
N494WN;2004;737-7H4;
N495AA;1989;DC-9-82(MD-82);
N495CA;2003;CL-600-2B19;
N495UA;2002;A320-232;
N495WN;2004;737-7H4;
N496AA;1989;DC-9-82(MD-82);
N496CA;2003;CL-600-2B19;
N496UA;2002;A320-232;
N496WN;2004;737-7H4;
N497AA;1989;DC-9-82(MD-82);
N497UA;2002;A320-232;
N497WN;2004;737-7H4;
N498CA;2003;CL-600-2B19;
N498UA;2002;A320-232;
N498WN;2005;737-7H4;
N499WN;2005;737-7H4;
N4UBAA;;;
N4UCAA;;;
N4WAAA;;;
N4WBAA;;;
N4WDAA;;;
N4WJAA;;;
N4WKAA;;;
N4WLAA;;;
N4WMAA;;;
N4WNAA;;;
N4WPAA;;;
N4WRAA;;;
N4WSAA;;;
N4WUAA;;;
N4WVAA;;;
N4WWAA;;;
N4WXAA;;;
N4WYAA;;;
N4XAAA;;;
N4XBAA;;;
N4XCAA;;;
N4XDAA;;;
N4XEAA;;;
N4XFAA;;;
N4XGAA;;;
N4XHAA;;;
N4XJAA;;;
N4XKAA;;;
N4XLAA;;;
N4XMAA;;;
N4XNAA;;;
N4XPAA;;;
N4XRAA;;;
N4XSAA;;;
N4XTAA;;;
N4XUAA;;;
N4XVAA;;;
N4XWAA;;;
N4XXAA;;;
N4XYAA;;;
N4YAAA;;;
N4YBAA;;;
N4YCAA;;;
N4YDAA;;;
N4YEAA;;;
N4YFAA;;;
N4YGAA;;;
N4YHAA;;;
N4YJAA;;;
N4YKAA;;;
N4YLAA;;;
N4YMAA;;;
N4YNAA;;;
N4YPAA;;;
N4YRAA;;;
N4YSAA;;;
N4YTAA;;;
N500MQ;;;
N501AA;1989;DC-9-82(MD-82);
N501MJ;2002;CL-600-2C10;
N501MQ;;;
N501SW;1990;737-5H4;
N501UA;1989;757-222;
N501US;1985;757-251;
N502AA;;;
N502MJ;2002;CL-600-2C10;
N502MQ;;;
N502SW;1990;737-5H4;
N502UA;1989;757-222;
N502US;1985;757-251;
N503AA;;;
N503MJ;2002;CL-600-2C10;
N503MQ;;;
N503SW;1990;737-5H4;
N503UA;1989;757-222;
N503US;1985;757-251;
N504AA;;;
N504AU;1987;737-3B7;
N504JB;1999;A320-232;
N504MJ;2002;CL-600-2C10;
N504MQ;;;
N504SW;1990;737-5H4;
N504UA;1989;757-222;
N504US;1987;757-251;
N505AA;1989;DC-9-82(MD-82);
N505AU;1987;737-3B7;
N505JB;2000;A320-232;
N505MJ;2002;CL-600-2C10;
N505MQ;;;
N505SW;1990;737-5H4;
N505UA;1989;757-222;
N506AA;;;
N506AS;;;
N506AU;1987;737-3B7;
N506CA;2003;CL-600-2B19;
N506JB;2000;A320-232;
N506MJ;2002;CL-600-2C10;
N506MQ;;;
N506SW;1990;737-5H4;
N506UA;1990;757-222;
N506US;1985;757-251;
N507AA;1997;FALCON-XP;
N507CA;2003;CL-600-2B19;
N507MJ;2003;CL-600-2C10;
N507MQ;;;
N507SW;1990;737-5H4;
N507UA;1990;757-222;
N508AA;1975;206B;
N508AS;;;
N508MJ;2003;CL-600-2C10;
N508MQ;;;
N508UA;1990;757-222;
N509AA;;FALCON-XP;
N509JB;2000;A320-232;
N509MJ;2003;CL-600-2C10;
N509MQ;;;
N509SW;1990;737-5H4;
N509UA;1990;757-222;
N510AA;1982;T210N;
N510JB;2000;A320-232;
N510MJ;2003;CL-600-2C10;
N510MQ;;;
N510SW;1990;737-5H4;
N510UA;1990;757-222;
N511AA;;;
N511MJ;2003;CL-600-2C10;
N511SW;1991;737-5H4;
N511UA;1990;757-222;
N512AA;;;
N512AS;;;
N512MJ;2003;CL-600-2C10;
N512MQ;;;
N512SW;1991;737-5H4;
N513AS;;;
N513MJ;2003;CL-600-2C10;
N513MQ;;;
N513SW;1991;737-5H4;
N513UA;1990;757-222;
N514AA;;;
N514AS;;;
N514MJ;2003;CL-600-2C10;
N514MQ;;;
N514SW;1991;737-5H4;
N514UA;1990;757-222;
N514US;1986;757-251;
N515AA;;;
N515MJ;2003;CL-600-2C10;
N515MQ;;;
N515SW;1991;737-5H4;
N515UA;1990;757-222;
N516AA;;;
N516AU;1987;737-3B7;
N516LR;2006;CL-600-2C10;
N516MQ;;;
N516US;1986;757-251;
N517AA;;;
N517JB;2000;A320-232;
N517MQ;;;
N517UA;1990;757-222;
N517US;1986;757-251;
N518AA;;;
N518CA;2003;CL-600-2B19;
N518LR;2006;CL-600-2C10;
N518MQ;;;
N518UA;1990;757-222;
N518US;1986;757-251;
N519AA;1979;550;
N519JB;2001;A320-232;
N519LR;2006;CL-600-2C10;
N519MQ;;;
N519SW;1991;737-5H4;
N519UA;1990;757-222;
N519US;1986;757-251;
N520AA;;;
N520JB;2001;A320-232;
N520MQ;;;
N520SW;1991;737-5H4;
N520UA;1990;757-222;
N521AA;;;
N521LR;2006;CL-600-2C10;
N521SW;1991;737-5H4;
N521UA;1990;757-222;
N521US;1986;757-251;
N522AA;;;
N522MQ;;;
N522SW;1992;737-5H4;
N522UA;1990;757-222;
N522US;1987;757-251;
N523AA;1968;60;
N523CA;2003;CL-600-2B19;
N523JB;2001;A320-232;
N523MQ;;;
N523SW;1992;737-5H4;
N523UA;1990;757-222;
N523US;1987;757-251;
N524AA;;;
N524JB;2001;A320-232;
N524MQ;;;
N524SW;1992;737-5H4;
N524UA;1990;757-222;
N525AA;1980;PA-31-350;
N525SW;1992;737-5H4;
N525UA;1991;757-222;
N52616;1994;737-524;
N526AA;;;
N526CA;2003;CL-600-2B19;
N526SW;1992;737-5H4;
N526UA;1991;757-222;
N526US;1987;757-251;
N527AA;;;
N527AU;1988;737-3B7;
N527SW;1992;737-5H4;
N527UA;1991;757-222;
N527US;1987;757-251;
N528AA;;;
N528CA;2003;CL-600-2B19;
N528SW;1992;737-5H4;
N528UA;1991;757-222;
N528US;1987;757-251;
N529AA;;;
N529AU;1989;737-3B7;
N529JB;2001;A320-232;
N529UA;1991;757-222;
N529US;1987;757-251;
N530AU;1989;737-3B7;
N530UA;1991;757-222;
N530US;1988;757-251;
N531AA;;;
N531AU;1989;737-3B7;
N531UA;1991;757-222;
N531US;1988;757-251;
N532AA;;;
N532AU;1989;737-3B7;
N532UA;1991;757-222;
N532US;1988;757-251;
N533AA;;;
N533AU;1989;737-3B7;
N533UA;1991;757-222;
N533US;1988;757-251;
N534AA;;;
N534JB;2002;A320-232;
N534UA;1991;757-222;
N534US;1988;757-251;
N535AA;;;
N535JB;2002;A320-232;
N535UA;1991;757-222;
N536AA;;;
N536JB;2002;A320-232;
N536UA;1991;757-222;
N537AA;;;
N537UA;1991;757-222;
N538AA;;;
N538CA;2008;CL600-2D24;
N538UA;1991;757-222;
N539AA;;;
N539UA;1991;757-222;
N540AA;;;
N540UA;1991;757-222;
N541AA;1982;C90;
N541UA;1991;757-222;
N54241;1999;737-824;
N542AA;;;
N542UA;1991;757-222;
N543AA;;;
N543UA;;;
N544AA;2007;VANS AIRCRAFT RV6;
N544UA;1991;757-222;
N545AA;1976;PA-32R-300;
N545UA;1991;757-222;
N546AA;;;
N546AS;2005;737-890;
N546UA;1991;757-222;
N54711;1998;737-724;
N547AA;1985;FALCON XP;
N547JB;2002;A320-232;
N547UA;1991;757-222;
N548AA;;;
N548AS;2005;737-890;
N548CA;2008;CL600-2D24;
N548UA;1992;757-222;
N549AA;;;
N549AS;2005;737-8FH;
N549CA;2008;CL600-2D24;
N549UA;1992;757-222;
N550AA;1964;HST-550;
N550WN;2001;737-76Q;
N551AA;1985;FALCON XP;
N551AS;2006;737-890;
N551NW;2001;757-251;
N551WN;2001;737-76Q;
N552AA;1991;DC-9-82(MD-82);
N552AS;2006;737-890;
N552JB;2002;A320-232;
N552UA;1992;757-222;
N553AA;1991;DC-9-82(MD-82);
N553AS;2006;737-890;
N553NW;2001;757-251;
N553UA;1992;757-222;
N554AA;1991;DC-9-82(MD-82);
N554CA;2008;CL600-2D24;
N554JB;2002;A320-232;
N554NW;2001;757-251;
N554UA;1992;757-222;
N555AA;;;
N555UA;1992;757-222;
N556AA;1991;DC-9-82(MD-82);
N556AS;2006;737-890;
N556NW;2002;757-251;
N556UA;1992;757-222;
N557AA;1993;KITFOX IV;
N557AS;2006;737-890;
N557NW;2002;757-251;
N557UA;1992;757-222;
N558AA;1991;DC-9-82(MD-82);
N558AS;2006;737-890;
N558JB;2003;A320-232;
N558UA;1992;757-222;
N559AA;1991;DC-9-82(MD-82);
N559AS;2006;737-890;
N559JB;2003;A320-232;
N559UA;1992;757-222;
N560AA;;;
N560AS;2006;737-890;
N560SW;1998;EMB-120ER;
N560UA;1992;757-222;
N561AA;1991;DC-9-82(MD-82);
N561JB;2003;A320-232;
N561SW;1998;EMB-120;
N561UA;1992;757-222;
N562AA;1987;DC-9-83(MD-83);
N562AS;2006;737-890;
N562JB;2003;A320-232;
N562SW;1998;EMB-120;
N562UA;1992;757-222;
N563AA;1987;DC-9-83(MD-83);
N563AS;2006;737-890;
N563JB;2003;A320-232;
N563SW;1998;EMB-120;
N563UA;1992;757-222;
N564AA;1987;DC-9-83(MD-83);
N564AS;2006;737-890;
N564JB;2003;A320-232;
N564SW;1998;EMB-120;
N564UA;1992;757-222;
N565AA;1987;DC-9-83(MD-83);
N565AS;2006;737-890;
N565JB;2003;A320-232;
N565SW;1998;EMB-120;
N565UA;1992;757-222;
N566AA;1987;DC-9-83(MD-83);
N566AS;2007;737-890;
N566JB;2003;A320-232;
N566SW;1998;EMB-120ER;
N566UA;1992;757-222;
N567AA;1959;OTTER DHC-3;
N567SW;1998;EMB-120ER;
N567UA;1992;757-222;
N56859;2004;757-324;
N568AA;1987;DC-9-83(MD-83);
N568AS;2007;737-890;
N568JB;2003;A320-232;
N568SW;1998;EMB-120ER;
N568UA;1992;757-222;
N569AA;1987;DC-9-83(MD-83);
N569AS;2007;737-890;
N569JB;2003;A320-232;
N569SW;1998;EMB-120ER;
N569UA;1992;757-222;
N570AA;1987;DC-9-83(MD-83);
N570AS;2007;737-890;
N570JB;2003;A320-232;
N570ML;1997;CL-600-2B19;
N570UA;1992;757-222;
N57111;1994;757-224;
N571AA;1987;DC-9-83(MD-83);
N571JB;2003;A320-232;
N571ML;1997;CL-600-2B19;
N571UA;1992;757-222;
N572AA;1987;DC-9-83(MD-83);
N572UA;1992;757-222;
N573AA;1991;DC-9-82(MD-82);
N573UA;1992;757-222;
N574AA;1991;DC-9-82(MD-82);
N574UA;1992;757-222;
N575AA;1963;210-5(205);
N575UA;1993;757-222;
N576AA;1991;DC-9-82(MD-82);
N576SW;1998;EMB-120ER;
N576UA;1993;757-222;
N577AA;1991;DC-9-82(MD-82);
N577AS;2007;737-890;
N577UA;1993;757-222;
N57852;2001;757-324;
N57855;2004;757-324;
N57857;2004;757-324;
N57863;2001;757-33N;
N57864;2001;757-33N;
N57868;2002;757-33N;
N57869;2002;757-33N;
N578AA;1991;DC-9-82(MD-82);
N578SW;1998;EMB-120ER;
N578UA;1993;757-222;
N579AA;1991;DC-9-82(MD-82);
N579AS;2007;737-890;
N579JB;2003;A320-232;
N579SW;1998;EMB-120ER;
N579UA;1993;757-222;
N580AA;1991;DC-9-82(MD-82);
N580JB;2003;A320-232;
N580SW;1999;EMB-120ER;
N580UA;1993;757-222;
N58101;1994;757-224;
N581AA;1991;DC-9-82(MD-82);
N581AS;2007;737-890;
N581HA;2001;767-33A;
N581JB;2003;A320-232;
N581NW;2002;757-351;
N581SW;1999;EMB-120ER;
N581UA;1993;757-222;
N582AA;1991;DC-9-82(MD-82);
N582CA;2008;CL600-2D24;
N582HA;2001;767-33A;
N582JB;2003;A320-232;
N582NW;2002;757-351;
N582SW;1999;EMB-120ER;
N582UA;1993;757-222;
N583AA;1991;DC-9-82(MD-82);
N583AS;2007;737-890;
N583HA;;767-33A;
N583JB;2004;A320-232;
N583NW;2002;757-351;
N583SW;1999;EMB-120ER;
N583UA;1993;757-222;
N584AA;1991;DC-9-82(MD-82);
N584AS;2007;737-890;
N584HA;;767-3G5;
N584JB;;;
N584NW;2002;757-351;
N584SW;1999;EMB-120ER;
N584UA;1993;757-222;
N585AA;1991;DC-9-82(MD-82);
N585AS;2007;737-890;
N585HA;;767-3G5;
N585JB;2004;A320-232;
N585NW;2002;757-351;
N585SW;1999;EMB-120ER;
N585UA;1993;757-222;
N58606;1994;737-524;
N586AA;1991;DC-9-82(MD-82);
N586AS;2007;737-890;
N586HA;;767-3G5;
N586JB;2004;A320-232;
N586NW;2002;757-351;
N586SW;1999;EMB-120ER;
N586UA;1993;757-222;
N587AA;1991;DC-9-82(MD-82);
N587AS;;737-890;
N587HA;2002;767-33A;
N587JB;2004;A320-232;
N587NW;2002;757-351;
N587SW;1995;CL-600-2B19;
N587UA;1993;757-222;
N588AA;1991;DC-9-83(MD-83);
N588AS;2007;737-890;
N588HA;2002;767-3CB;
N588JB;2004;A320-232;
N588NW;2003;757-351;
N588UA;1993;757-222;
N589AA;1991;DC-9-83(MD-83);
N589AS;2007;737-890;
N589HA;2002;767-33A;
N589JB;2004;A320-232;
N589NW;2003;757-351;
N589SW;1995;CL-600-2B19;
N589UA;1997;757-222;
N590AA;1991;DC-9-83(MD-83);
N590AS;;737-890;
N590HA;2002;767-3CB;
N590JB;2004;A320-232;
N590NW;2003;757-351;
N590SW;1995;CL-600-2B19;
N590UA;1997;757-222;
N591AA;1991;DC-9-83(MD-83);
N591HA;2003;767-33A;
N591JB;2004;A320-232;
N591NW;2003;757-351;
N591SW;1995;CL-600-2B19;
N591US;1988;737-301;
N592AA;1991;DC-9-83(MD-83);
N592AS;2008;737-890;
N592HA;2003;767-3CB;
N592JB;2004;A320-232;
N592ML;;;
N592NW;2003;757-351;
N592UA;1996;757-222;
N59302;1985;737-3TO;
N59338;1987;737-3TO;
N593AA;1991;DC-9-83(MD-83);
N593AS;2008;737-890;
N593HA;2003;767-33A;
N593JB;2004;A320-232;
N593ML;;;
N593NW;2003;757-351;
N593UA;1996;757-222;
N594AA;1992;DC-9-83(MD-83);
N594AS;2008;737-890;
N594HA;1986;767-332;
N594JB;2004;A320-232;
N594NW;2003;757-351;
N594SW;1999;CL-600-2B19;
N594UA;1996;757-222;
N595AA;1992;DC-9-83(MD-83);
N595JB;2004;A320-232;
N595NW;2003;757-351;
N595SW;1999;CL-600-2B19;
N595UA;1998;757-222;
N596AA;1992;DC-9-83(MD-83);
N596AS;;737-890;
N596HA;1986;767-332;
N596NW;2003;757-351;
N596UA;1998;757-222;
N597AA;1992;DC-9-83(MD-83);
N597AS;;;
N597HA;1986;767-332;
N597JB;2004;A320-232;
N597SW;1999;CL-600-2B19;
N597UA;1998;757-222;
N598AA;1992;DC-9-83(MD-83);
N598HA;1986;767-332;
N598JB;2004;A320-232;
N598UA;1999;757-222;
N599AA;1992;DC-9-83(MD-83);
N599JB;2004;A320-232;
N5BRAA;;;
N5BSAA;;;
N5BTAA;;;
N5BUAA;;;
N5BVAA;;;
N5BWAA;;;
N5BYAA;;;
N5CAAA;;;
N5CBAA;;;
N5CCAA;;;
N5CDAA;;;
N5CEAA;;;
N5CFAA;;;
N5CGAA;;;
N5CHAA;;;
N5CJAA;;;
N5CKAA;;;
N5CMAA;;;
N5CNAA;;;
N5CPAA;;;
N5CRAA;;;
N5CSAA;;;
N5CTAA;;;
N5CUAA;;;
N5CVAA;;;
N5CWAA;;;
N5CXAA;;;
N5CYAA;;;
N5DAAA;;;
N5DBAA;;;
N5DCAA;;;
N5DDAA;;;
N5DEAA;;;
N5DFAA;;;
N5DGAA;;;
N5DHAA;;;
N5DJAA;;;
N5DKAA;;;
N5DLAA;;;
N5DNAA;;;
N5DPAA;;;
N5DSAA;;;
N5DTAA;;;
N5DUAA;;;
N5DVAA;;;
N5DWAA;;;
N5DYAA;;;
N5EAAA;;;
N5EBAA;;;
N5ECAA;;;
N5EDAA;;;
N5EEAA;;;
N5EFAA;;;
N5EGAA;;;
N5EHAA;;;
N5EKAA;;;
N5ELAA;;;
N5EMAA;;;
N5ENAA;;;
N5EPAA;;;
N5ERAA;;;
N5ESAA;;;
N5ETAA;;;
N5EUAA;;;
N5EVAA;;;
N5EWAA;;;
N5EXAA;;;
N5EYAA;;;
N5FAAA;;;
N5FBAA;;;
N5FCAA;;;
N5FDAA;;;
N5FEAA;;;
N5FFAA;;;
N5FGAA;;;
N5FHAA;;;
N5FJAA;;;
N5FKAA;;;
N5FLAA;;;
N5FMAA;;;
N5FNAA;;;
N5FPAA;;;
N5FRAA;;;
N5FSAA;;;
N5FTAA;;;
N600TR;1979;DC-9-51;
N601AW;2003;A320-232;
N601WN;1995;737-3H4;
N602AW;;A320-232;
N602DL;1984;757-232;
N602SW;1995;737-3H4;
N603AT;2001;717-200;
N603AW;1997;A320-232;
N603DL;1984;757-232;
N603JB;2005;A320-232;
N603SK;2006;CL-600-2C10;
N603SW;1995;737-3H4;
N604AW;2000;A320-232;
N604DL;1984;757-232;
N604SK;2006;CL-600-2C10;
N604SW;1995;737-3H4;
N605AW;1997;A320-232;
N605JB;2005;A320-232;
N605SW;1995;737-3H4;
N606JB;2005;A320-232;
N606SK;2006;CL-600-2C10;
N606SW;1995;737-3H4;
N607AS;1999;737-790;
N607JB;2005;A320-232;
N607SK;2006;CL-600-2C10;
N607SW;1995;737-3H4;
N608DA;1985;757-232;
N608JB;2005;A320-232;
N608SK;2006;CL-600-2C10;
N608SW;1995;737-3H4;
N609AS;1999;737-790;
N609DL;1985;757-232;
N609SK;2002;CL-600-2C10;
N609SW;1995;737-3H4;
N610AA;1989;757-223;
N610DL;1985;757-232;
N610MQ;;;
N610WN;1995;737-3H4;
N611AA;1985;F85P-1;
N611AS;1999;737-790;
N611SK;2002;CL-600-2C10;
N611SW;1995;737-3H4;
N612AA;1989;757-223;
N612AS;1999;737-790;
N612DL;1985;757-232;
N612JB;2005;A320-232;
N612MQ;;;
N612SW;1995;737-3H4;
N61304;1985;737-3TO;
N613AA;1989;757-223;
N613AS;1999;737-790;
N613JB;2005;A320-232;
N613MQ;;;
N613NW;1969;DC-9-32;
N613SK;2002;CL-600-2C10;
N613SW;1995;737-3H4;
N614AA;1989;757-223;
N614AS;1999;737-790;
N614MQ;;;
N614SK;2002;CL-600-2C10;
N614SW;1995;737-3H4;
N615AS;2000;737-790;
N615DL;1986;757-232;
N615JB;2005;A320-232;
N615MQ;;;
N615SW;1995;737-3H4;
N616AA;1989;757-223;
N616DL;1986;757-232;
N616MQ;;;
N617AA;;;
N617AS;2000;737-790;
N617DL;1986;757-232;
N617MQ;;;
N617SW;1995;737-3H4;
N618AA;1989;757-223;
N618AS;2000;737-790;
N618DL;1986;757-232;
N618JB;2005;A320-232;
N618MQ;;;
N618WN;1995;737-3H4;
N619AA;1990;757-223;
N619AS;2000;737-790;
N619AW;1995;A320-232;
N619DL;1986;757-232;
N619MQ;;;
N619SW;1995;737-3H4;
N620AA;1990;757-223;
N620AW;1989;A320-231;
N620MQ;;;
N620SW;1996;737-3H4;
N621AA;1975;172M;
N621AW;1989;A320-231;
N621DL;1986;757-232;
N621JB;2005;A320-232;
N621MQ;;;
N621SW;1996;737-3H4;
N622AA;1990;757-223;
N622AS;2000;737-790;
N622AW;1989;A320-231;
N622DL;1986;757-232;
N622MQ;;;
N622SW;1996;737-3H4;
N623AA;1990;757-223;
N623DL;1987;757-232;
N623JB;2005;A320-232;
N623MQ;;;
N623SW;1996;737-3H4;
N624AA;1990;757-223;
N624AS;2000;737-790;
N624AW;1989;A320-231;
N624DL;1987;757-232;
N624JB;2005;A320-232;
N624MQ;;;
N624SW;1996;737-3H4;
N625AA;1990;757-223;
N625AS;2001;737-790;
N625AW;1989;A320-231;
N625CA;2003;CL-600-2C10;
N625DL;1987;757-232;
N625JB;2005;A320-232;
N625MQ;;;
N625SW;1996;737-3H4;
N626AA;1990;757-223;
N626AS;2001;737-790;
N626DL;1987;757-232;
N626MQ;;;
N626SW;1996;737-3H4;
N627AA;1990;757-223;
N627AS;2001;737-790;
N627AW;1989;A320-231;
N627DL;1987;757-232;
N627JB;2005;A320-232;
N627MQ;;;
N627SW;1996;737-3H4;
N628AA;1990;757-223;
N628AW;1989;A320-231;
N628DL;1987;757-232;
N628MQ;;;
N628SW;1996;737-3H4;
N629AW;1990;A320-231;
N629BR;1998;CL-600-2B19;
N629DL;1987;757-232;
N629JB;2005;A320-232;
N629MQ;;;
N629SW;1996;737-3H4;
N630AA;1990;757-223;
N630DL;1987;757-232;
N630JB;2005;A320-232;
N630MQ;;;
N630WN;1996;737-3H4;
N631AA;1990;757-223;
N631AW;1990;A320-231;
N631DL;1987;757-232;
N631MQ;;;
N631SW;1996;737-3H4;
N632AA;1990;757-223;
N632AW;1989;A320-231;
N632DL;1987;757-232;
N632JB;2006;A320-232;
N632MQ;;;
N632SW;1996;737-3H4;
N63305;1985;737-3TO;
N633AA;1990;757-223;
N633AW;1989;A320-231;
N633DL;1987;757-232;
N633JB;2006;A320-232;
N633MQ;;;
N633SW;1996;737-3H4;
N634AW;1990;A320-231;
N634DL;1988;757-232;
N634JB;2006;A320-232;
N634MQ;;;
N634SW;1996;737-3H4;
N635AA;1990;757-223;
N635AS;;ATR 72-212;
N635DL;1988;757-232;
N635JB;2006;A320-232;
N635MQ;;;
N635SW;1996;737-3H4;
N636AA;;;
N636AS;;ATR 72-212;
N636AW;1990;A320-231;
N636DL;1988;757-232;
N636JB;2006;A320-232;
N636MQ;;;
N636WN;1996;737-3H4;
N637AA;;FALCON-XP;
N637AW;1990;A320-231;
N637DL;1988;757-232;
N637JB;2006;A320-232;
N637MQ;;;
N637SW;1996;737-3H4;
N638AA;1991;757-223;
N638JB;2006;A320-232;
N638MQ;;;
N638SW;1996;737-3H4;
N639AA;1991;757-223;
N639DL;1988;757-232;
N639JB;2006;A320-232;
N639MQ;;;
N639SW;1996;737-3H4;
N640AS;1994;ATR-72-212;
N640AW;1994;A320-232;
N640DL;1988;757-232;
N640JB;2006;A320-232;
N640MQ;;;
N640SW;1996;737-3H4;
N641AA;1991;757-223;
N641AS;1994;ATR-72-212;
N641CA;2003;CL-600-2C10;
N641DL;1988;757-232;
N641JB;2006;A320-232;
N641MQ;;;
N641SW;1996;737-3H4;
N641UA;1991;767-322;
N642AA;1991;757-223;
N642AS;1994;ATR-72-212;
N642AW;1996;A320-232;
N642CA;2003;CL-600-2C10;
N642DL;1988;757-232;
N642WN;1997;737-3H4;
N643AA;1991;757-223;
N643AS;1994;ATR-72-212;
N643DL;1989;757-232;
N643JB;2006;A320-232;
N643MQ;;;
N643SW;1997;737-3H4;
N644AS;2003;737-790;
N644AW;1992;A320-231;
N644DL;1989;757-232;
N644JB;2006;A320-232;
N644MQ;;;
N644SW;1997;737-3H4;
N644UA;1991;767-322;
N645DL;1989;757-232;
N645JB;2006;A320-232;
N645MQ;;;
N645SW;1997;737-3H4;
N646DL;1989;757-232;
N646JB;2006;A320-232;
N646MQ;;;
N646SW;1997;737-3H4;
N647AW;1997;A320-232;
N647DL;1989;757-232;
N647MQ;;;
N647SW;1997;737-3H4;
N648AS;;;
N648AW;1997;A320-232;
N648DL;1989;757-232;
N648JB;2006;A320-232;
N648MQ;;;
N648SW;1997;737-3H4;
N648UA;1992;767-322;
N649AS;2003;737-790;
N649AW;1998;A320-232;
N649DL;1989;757-232;
N649JB;2006;A320-232;
N649MQ;;;
N650AW;1998;A320-232;
N650ML;1996;CL-600-2B19;
N650MQ;;;
N650SW;1997;737-3H4;
N651AW;1998;A320-232;
N651DL;1989;757-232;
N651JB;2007;A320-232;
N651ML;;CL-600-2B19;
N651MQ;;;
N651SW;1997;737-3H4;
N651UA;1992;767-322;
N652AW;1999;A320-232;
N652DL;1989;757-232;
N652JB;2007;A320-232;
N652MQ;;;
N652SW;1997;737-3H4;
N652UA;1992;767-322;
N653AW;1999;A320-232;
N653CA;2003;CL-600-2C10;
N653DL;1990;757-232;
N653JB;2007;A320-232;
N653MQ;;;
N653SW;1997;737-3H4;
N653UA;1992;767-322;
N654AW;1999;A320-232;
N654DL;1990;757-232;
N654SW;1997;737-3H4;
N655AW;1999;A320-232;
N655CA;;CL-600-2C10;
N655DL;1990;757-232;
N655JB;2007;A320-232;
N655MQ;;;
N655UA;1992;767-322;
N655WN;1997;737-3H4;
N656AW;1999;A320-232;
N656CA;2004;CL-600-2C10;
N656DL;1990;757-232;
N656JB;2007;A320-232;
N656MQ;;;
N656SW;1997;737-3H4;
N657AW;1999;A320-232;
N657DL;1990;757-232;
N657JB;2007;A320-232;
N657MQ;;;
N657SW;1985;737-3L9;
N657UA;1993;767-322;
N658AW;1999;A320-232;
N658CA;2004;CL-600-2C10;
N658DL;1990;757-232;
N658JB;2007;A320-232;
N658MQ;;;
N658SW;1985;737-3L9;
N658UA;1993;767-322;
N659AW;2000;A320-232;
N659BR;2001;CL-600-2B19;
N659CA;2004;CL-600-2C10;
N659DL;1990;757-232;
N659MQ;;;
N659SW;1985;737-301;
N66051;2000;767-424ER;
N660AW;2000;A320-232;
N660DL;1990;757-232;
N660MQ;;;
N660SW;1985;737-301;
N660UA;1993;767-322;
N661AW;2000;A320-232;
N661DN;1990;757-232;
N661JB;2007;A320-232;
N661MQ;;;
N661UA;1993;767-322;
N662AW;2000;A320-232;
N662DN;1991;757-232;
N662JB;2007;A320-232;
N662MQ;;;
N662SW;1985;737-3Q8;
N663AW;2001;A320-232;
N663DN;1991;757-232;
N663JB;2007;A320-232;
N663MQ;;;
N663SW;1985;737-3Q8;
N663UA;1993;767-322;
N664AW;2001;A320-232;
N664DN;1991;757-232;
N664MQ;;;
N664UA;1998;767-322;
N664WN;1986;737-3Y0;
N665AW;2001;A320-232;
N665DN;1991;757-232;
N665JB;2007;A320-232;
N665MQ;;;
N665UA;1998;767-322;
N665WN;1986;737-3Y0;
N666DN;1991;757-232;
N666UA;1998;767-322;
N667AW;2002;A320-232;
N667DN;1991;757-232;
N667MQ;;;
N667UA;1998;767-322;
N668AW;2002;A320-232;
N668CA;2004;CL-600-2C10;
N668DN;1991;757-232;
N668MQ;;;
N668UA;1999;767-322;
N669AW;2002;A320-232;
N669CA;2004;CL-600-2C10;
N669DN;1991;757-232;
N669MQ;;;
N669SW;1987;737-3A4;
N669UA;1999;767-322;
N6700;1999;757-232;
N6701;1999;757-232;
N6702;1999;757-232;
N6703D;2000;757-232;
N6704Z;2000;757-232;
N67052;2000;767-424ER;
N67058;2002;767-424ER;
N6705Y;2000;757-232;
N6706Q;2000;757-232;
N6707A;2000;757-232;
N6708D;2000;757-232;
N6709;2000;757-232;
N670DN;1992;757-232;
N670MC;1976;DC-9-51;
N670MQ;;;
N670SW;1988;737-3G7;
N670UA;;767-322;
N6710E;2000;757-232;
N6711M;2000;757-232;
N6712B;2000;757-232;
N67134;1999;757-224;
N6713Y;2000;757-232;
N6714Q;2000;757-232;
N67157;2001;767-224;
N67158;2001;767-224;
N6715C;2001;757-232;
N6716C;2001;757-232;
N67171;2001;757-232;
N671DN;1992;757-232;
N671MQ;;;
N671SW;1988;737-3G7;
N671UA;1999;767-322;
N672AW;2004;A320-232;
N672DL;1992;757-232;
N672MQ;;;
N672UA;1999;767-322;
N673AW;;A320-232;
N673DL;1992;757-232;
N673MQ;;;
N673UA;2000;767-322;
N674AW;2005;A320-232;
N674DL;1992;757-232;
N674MQ;;;
N674UA;2000;767-322;
N675AA;1985;737-3A4;
N675AW;2005;A320-232;
N675BR;2002;CL-600-2B19;
N675DL;1992;757-232;
N675MC;1975;DC-9-51;
N675MQ;;;
N675UA;2000;767-322;
N676AW;2005;A320-232;
N676CA;2007;CL600-2D24;
N676DL;1992;757-232;
N676MC;1975;DC-9-51;
N676MQ;;;
N676SW;2000;737-3A4;
N676UA;2001;767-322;
N677AA;1985;737-3A4;
N677AW;2005;A320-232;
N677DL;1992;757-232;
N677MC;1977;DC-9-51;
N677MQ;;;
N677UA;2001;767-322;
N678AA;1986;737-3A4;
N678AW;2005;A320-232;
N678CA;2007;CL600-2D24;
N678DL;1998;757-232;
N678MQ;;;
N679AA;1986;737-3A4;
N679AW;2005;A320-232;
N679CA;2007;CL600-2D24;
N679DA;1992;757-232;
N679MQ;;;
N68061;2002;767-424ER;
N680AA;1986;737-3A4;
N680AW;2005;A320-232;
N680BR;2002;CL-600-2B19;
N680DA;1992;757-232;
N680MQ;;;
N68155;2001;767-224;
N68160;2001;767-224;
N681BR;2002;CL-600-2B19;
N681DA;1993;757-232;
N681MQ;;;
N682BR;2002;CL-600-2B19;
N682DA;1993;757-232;
N682MQ;;;
N682SW;1986;737-3Y0;
N683BR;2002;CL-600-2B19;
N683DA;1993;757-232;
N683MQ;;;
N683SW;1988;737-3G7;
N684BR;2002;CL-600-2B19;
N684DA;1993;757-232;
N684MQ;;;
N685BR;2002;CL-600-2B19;
N685DA;1995;757-232;
N685MQ;;;
N685SW;1986;737-3Q8;
N686BR;2003;CL-600-2B19;
N686DA;1995;757-232;
N686MQ;;;
N687DL;1998;757-232;
N687MQ;;;
N687SW;1986;737-3Q8;
N688DL;1998;757-232;
N688MQ;;;
N688SW;1985;737-3Q8;
N689CA;2007;CL600-2D24;
N689DL;1998;757-232;
N689MQ;;;
N689SW;1985;737-3Q8;
N69059;2002;767-424ER;
N69063;2002;767-424ER;
N690CA;;CL-600-2C10;
N690DL;1998;757-232;
N690MQ;;;
N690SW;1988;737-3G7;
N691CA;2007;CL600-2D24;
N691MQ;;;
N691WN;1988;737-3G7;
N692CA;2006;CL600-2D24;
N692DL;1998;757-232;
N692MQ;;;
N692SW;1985;737-3T5;
N69311;1985;737-3TO;
N69333;1986;737-3TO;
N693CA;2006;CL600-2D24;
N693DL;1998;757-232;
N693MQ;;;
N693SW;1985;737-317;
N694DL;;;
N694MQ;;;
N694SW;1985;737-3T5;
N695CA;2006;CL600-2D24;
N695DL;;;
N695MQ;;;
N695SW;1986;737-3Q8;
N69602;1994;737-524;
N69603;1994;737-524;
N696DL;;;
N696MQ;;;
N697DL;1999;757-232;
N697MQ;;;
N697SW;1988;737-3TO;
N698BR;;CL-600-2B19;
N698DL;1999;757-232;
N698MQ;;;
N698SW;1986;737-317;
N699BR;2003;CL-600-2B19;
N699DL;1999;757-232;
N699MQ;;;
N699SW;1987;737-3Y0;
N700GS;1997;737-7H4;
N700UW;1998;A319-112;
N701GS;1997;737-7H4;
N701SK;2004;CL-600-2C10;
N701UW;1998;A319-112;
N702MQ;;;
N702SK;2004;CL-600-2C10;
N702UW;1998;A319-112;
N70352;1987;737-3TO;
N703AS;1998;737-490;
N703JB;2008;A320-232;
N703MQ;;;
N703SK;2004;CL-600-2C10;
N703SW;1997;737-7H4;
N703UW;1998;A319-112;
N704SW;1998;737-7H4;
N704US;1998;A319-112;
N704X;1997;757-2Q8;
N705AS;1998;737-490;
N705JB;2008;A320-232;
N705MQ;;;
N705SK;2004;CL-600-2C10;
N705SW;1998;737-7H4;
N705TW;1997;757-231;
N705UW;;A319-112;
N706AS;1998;737-490;
N706JB;2008;A320-232;
N706MQ;;;
N706SK;2004;CL-600-2C10;
N706SW;1998;737-7H4;
N707EV;2002;CL-600-2C10;
N707MQ;;;
N707SA;1998;737-7H4;
N707SK;1999;CL-600-2C10;
N708AS;1999;737-490;
N708EV;2002;CL-600-2C10;
N708JB;;;
N708MQ;;;
N708SK;2004;CL-600-2C10;
N708SW;;;
N708UW;1999;A319-112;
N709BR;2003;CL-600-2B19;
N709EV;2002;CL-600-2C10;
N709JB;;;
N709MQ;;;
N709SK;2004;CL-600-2C10;
N709SW;1998;737-7H4;
N709TW;1997;757-2Q8;
N709UW;1999;A319-112;
N710BR;2003;CL-600-2B19;
N710CA;1998;CL-600-2B19;
N710EV;2002;CL-600-2C10;
N710MQ;;;
N710SK;2004;CL-600-2C10;
N710SW;1998;737-7H4;
N710TW;1997;757-2Q8;
N710UW;1999;A319-112;
N711HK;1998;737-7H4;
N711MQ;;;
N711UW;1999;A319-112;
N712CA;1998;CL-600-2B19;
N712JB;;;
N712MQ;;;
N712SK;2004;CL-600-2C10;
N712SW;1998;737-7H4;
N712US;1999;A319-112;
N713AS;1999;737-490;
N713CA;1998;CL-600-2B19;
N713MQ;;;
N713SK;2004;CL-600-2C10;
N713SW;1998;737-7H4;
N713TW;1997;757-2Q8;
N713UW;1999;A319-112;
N714CB;1998;737-7H4;
N714US;1999;A319-112;
N715JB;;;
N715MQ;;;
N715SF;1996;CL-600-2B19;
N715SK;2004;CL-600-2C10;
N715SW;1998;737-7H4;
N715UW;1999;A319-112;
N716CA;1998;CL-600-2B19;
N716EV;2003;CL-600-2C10;
N716MQ;;;
N716SK;2004;CL-600-2C10;
N716SW;1998;737-7H4;
N716UW;1999;A319-112;
N717EV;2003;CL-600-2C10;
N717JL;2002;717-200;
N717MQ;;;
N717SA;1998;737-7H4;
N717TW;1999;757-231;
N717UW;1999;A319-112;
N718EV;2003;CL-600-2C10;
N718MQ;;;
N718SK;2004;CL-600-2C10;
N718SW;1998;737-7H4;
N718TW;1999;757-231;
N719EV;2003;CL-600-2C10;
N719MQ;;;
N719SK;2004;CL-600-2C10;
N719SW;1998;737-7H4;
N720EV;2003;CL-600-2C10;
N720MQ;;;
N720SW;1999;CL-600-2B19;
N720WN;1998;737-7H4;
N721CA;1998;CL-600-2B19;
N721MQ;;;
N721TW;1999;757-231;
N721UW;1999;A319-112;
N722EV;2003;CL-600-2C10;
N722MQ;;;
N722TW;1999;757-231;
N722US;1999;A319-112;
N723EV;2004;CL-600-2C10;
N723MQ;;;
N723SW;1999;737-7H4;
N723TW;;;
N723UW;1999;A319-112;
N72405;2001;737-924;
N724EV;2004;CL-600-2C10;
N724MQ;;;
N724SK;2004;CL-600-2C10;
N724SW;1999;737-7H4;
N724UW;1999;A319-112;
N725MQ;;;
N725SW;1999;737-7H4;
N725UW;1999;A319-112;
N7264V;1998;CL-600-2B19;
N726SK;2005;CL-600-2C10;
N726SW;1999;737-7H4;
N727SW;1999;737-7H4;
N727TW;;;
N728MQ;;;
N728SK;2005;CL-600-2C10;
N728SW;1999;737-7H4;
N7291Z;1999;CL-600-2B19;
N729JB;;;
N729SW;1999;737-7H4;
N7305V;1999;CL-600-2B19;
N730EV;2004;CL-600-2C10;
N730SK;2005;CL-600-2C10;
N730SW;1999;737-7H4;
N730US;2000;A319-112;
N73152;2000;767-224;
N731SA;1999;737-7H4;
N73251;2000;737-824;
N73256;2000;737-824;
N73259;2001;737-824;
N73270;2001;737-824;
N73275;2002;737-824;
N73276;2002;737-824;
N73278;;737-824;
N73283;2004;737-824;
N73291;2004;737-824;
N73299;2005;737-824;
N732SK;2005;CL-600-2C10;
N732SW;1999;737-7H4;
N732US;2000;A319-112;
N733MQ;;;
N733SA;1999;737-7H4;
N733UW;2000;A319-112;
N73406;2001;737-924;
N734SA;1999;737-7H4;
N735SA;1999;737-7H4;
N736SA;1999;737-7H4;
N737JW;1999;737-7H4;
N737US;2000;A319-112;
N738CB;1999;737-7H4;
N738EV;2004;CL-600-2C10;
N738MQ;;;
N738SK;2005;CL-600-2C10;
N738US;2000;A319-112;
N739CA;1998;CL-600-2B19;
N739GB;1998;737-7H4;
N740EV;2004;CL-600-2C10;
N740SK;2005;CL-600-2C10;
N740SW;1998;737-7H4;
N740UW;2000;A319-112;
N741EV;2004;CL-600-2C10;
N741SA;1998;737-7H4;
N741UW;2000;A319-112;
N742PS;2000;A319-112;
N742SK;2005;CL-600-2C10;
N742SW;1998;737-7H4;
N743SK;2005;CL-600-2C10;
N743SW;1998;737-7H4;
N744EV;2004;CL-600-2C10;
N744P;2000;A319-112;
N744SK;2005;CL-600-2C10;
N744SW;1999;737-7H4;
N745SK;2005;CL-600-2C10;
N745SW;1999;737-7H4;
N745VJ;2000;A319-112;
N746JB;;;
N746SK;2005;CL-600-2C10;
N746SW;1999;737-7H4;
N746UW;2000;A319-112;
N747SA;1999;737-7H4;
N747UW;2000;A319-112;
N74856;2004;757-324;
N748EV;2004;CL-600-2C10;
N748SK;2005;CL-600-2C10;
N748SW;1999;737-7H4;
N748UW;2000;A319-112;
N749SW;1999;737-7H4;
N749US;2000;A319-112;
N750AT;1984;757-212;
N750EV;2004;CL-600-2C10;
N750SK;2005;CL-600-2C10;
N750UW;2000;A319-112;
N751AT;1984;757-212;
N751EV;2004;CL-600-2C10;
N751NW;1968;DC-9-41;
N751SK;2005;CL-600-2C10;
N751SW;1999;737-7H4;
N751UW;2000;A319-112;
N752AT;1984;757-212;
N752EV;;CL-600-2C10;
N752NW;1968;DC-9-41;
N752SK;2005;CL-600-2C10;
N752SW;1999;737-7H4;
N752US;2000;A319-112;
N753EV;2004;CL-600-2C10;
N753SK;2005;CL-600-2C10;
N753SW;1999;737-7H4;
N753US;2000;A319-112;
N75410;2001;737-924;
N75425;;;
N75426;;;
N754AS;1992;737-4Q8;
N754EV;2004;CL-600-2C10;
N754SK;2005;CL-600-2C10;
N754SW;1999;737-7H4;
N754UW;2000;A319-112;
N755AS;1992;737-4Q8;
N755EV;;CL-600-2C10;
N755NW;1968;DC-9-41;
N755SA;1999;737-7H4;
N755SK;2005;CL-600-2C10;
N755US;2000;A319-112;
N756AS;1992;737-4Q8;
N756SA;1999;737-7H4;
N756SK;2005;CL-600-2C10;
N756US;2000;A319-112;
N757AT;1984;757-212;
N757LV;1999;737-7H4;
N757UW;2000;A319-112;
N75851;2001;757-324;
N75853;2002;757-324;
N75854;2002;757-324;
N75858;2004;757-324;
N75861;2001;757-33N;
N758EV;2005;CL-600-2C10;
N758SK;2005;CL-600-2C10;
N758SW;1999;737-7H4;
N75987;;CL-600-2B19;
N75991;;CL-600-2B19;
N75992;2000;CL-600-2B19;
N75994;2000;CL-600-2B19;
N75995;1999;CL-600-2B19;
N75996;1999;CL-600-2B19;
N75998;1999;CL-600-2B19;
N759EV;2005;CL-600-2C10;
N759GS;1999;737-7H4;
N759NW;1968;DC-9-41;
N76064;2002;767-424ER;
N76065;2002;767-424ER;
N760EV;2005;CL-600-2C10;
N760NC;1976;DC-9-51;
N760NW;1968;DC-9-41;
N760SK;2005;CL-600-2C10;
N760SW;2000;737-7H4;
N760US;2000;A319-112;
N76151;2000;767-224;
N76153;2000;767-224;
N76156;2001;767-224;
N761ND;;;
N761RR;2000;737-7H4;
N76254;2000;737-824;
N76265;2001;737-824;
N76269;2001;737-824;
N76288;2004;737-824;
N762AS;1992;737-4Q8;
N762NC;1976;DC-9-51;
N762NW;1969;DC-9-41;
N762SK;2005;CL-600-2C10;
N762SW;2000;737-7H4;
N762US;2000;A319-112;
N763AS;1992;737-4Q8;
N763NW;1969;DC-9-41;
N763SK;2005;CL-600-2C10;
N763SW;2000;737-7H4;
N763US;2000;A319-112;
N764AS;1992;737-4Q8;
N764NC;1976;DC-9-51;
N764SK;2005;CL-600-2C10;
N764SW;2000;737-7H4;
N764US;2000;A319-112;
N76502;2006;737-824;
N76503;;737-824;
N76504;2006;737-824;
N76505;;737-824;
N76508;2008;737-824;
N76514;;;
N76515;;;
N76516;;;
N76517;;;
N765AS;1992;737-4Q8;
N765NC;1976;DC-9-51;
N765SK;2005;CL-600-2C10;
N765SW;2000;737-7H4;
N765US;2000;A319-112;
N766NC;1977;DC-9-51;
N766SK;2005;CL-600-2C10;
N766SW;2000;737-7H4;
N766US;2000;A319-112;
N767NC;1977;DC-9-51;
N767SK;2005;CL-600-2C10;
N767SW;;737-7H4;
N767UW;2000;A319-112;
N768AS;1992;737-490;
N768NC;1977;DC-9-51;
N768SK;2005;CL-600-2C10;
N768SW;2000;737-7H4;
N768UA;1995;777-222;
N768US;2000;A319-112;
N769AS;1993;737-4Q8;
N769NC;1978;DC-9-51;
N769SW;2000;737-7H4;
N769US;2000;A319-112;
N77066;2002;767-424ER;
N770NC;1978;DC-9-51;
N770SA;2000;737-7H4;
N770UW;2000;A319-112;
N77181;1997;CL-600-2B19;
N77195;1997;CL-600-2B19;
N771AS;1993;737-4Q8;
N771NC;1978;DC-9-51;
N771SK;2006;CL-600-2C10;
N771UA;1995;777-222;
N77258;2000;737-824;
N77260;1998;CL-600-2B19;
N77261;2001;737-824;
N77278;1998;CL-600-2B19;
N77286;1999;CL-600-2B19;
N77295;2005;737-824;
N77296;2005;737-824;
N772AS;1993;737-4Q8;
N772NC;1978;DC-9-51;
N772SK;2005;CL-600-2C10;
N772SW;2000;737-7H4;
N772UA;1995;777-222;
N77302;1999;CL-600-2B19;
N77303;1985;737-3TO;
N77331;1999;CL-600-2B19;
N773AS;1993;737-4Q8;
N773NC;1978;DC-9-51;
N773SA;2000;737-7H4;
N773SK;2005;CL-600-2C10;
N773UA;1995;777-222;
N774AS;1993;737-4Q8;
N774NC;1978;DC-9-51;
N774SK;2006;CL-600-2C10;
N774SW;2000;737-7H4;
N77510;;737-824;
N775AS;1993;737-4Q8;
N775SW;2000;737-7H4;
N776AS;1994;737-4Q8;
N776NC;1979;DC-9-51;
N776SK;2006;CL-600-2C10;
N776UA;1996;777-222;
N776WN;2000;737-7H4;
N777NC;1979;DC-9-51;
N777QC;2000;737-7H4;
N777UA;1995;777-222;
N77865;2002;757-33N;
N77867;2002;757-33N;
N778AS;1994;737-4Q8;
N778NC;1979;DC-9-51;
N778SK;2006;CL-600-2C10;
N778SW;2000;737-7H4;
N778UA;1996;777-222;
N779AS;1994;737-4Q8;
N779NC;1979;DC-9-51;
N779SW;2000;737-7H4;
N779UA;1996;777-222;
N78004;1998;777-224;
N780NC;1979;DC-9-51;
N780SW;2000;737-7H4;
N780UA;1996;777-222;
N781CA;1999;CL-600-2B19;
N781NC;1979;DC-9-51;
N781WN;2000;737-7H4;
N78285;2004;737-824;
N782NC;1980;DC-9-51;
N782SA;2000;737-7H4;
N782UA;1997;777-222;
N783AS;1994;737-4Q8;
N783NC;1979;DC-9-51;
N783SW;2000;737-7H4;
N783UA;1997;777-222;
N784AS;1996;737-4Q8;
N784NC;1980;DC-9-51;
N784UA;1997;777-222;
N78501;2006;737-824;
N78506;2006;737-824;
N78509;2008;737-824;
N78511;;;
N785AS;1997;737-4Q8;
N785CA;1999;CL-600-2B19;
N785NC;1980;DC-9-51;
N785SW;2000;737-7H4;
N786AS;1990;737-4S3;
N786CA;1999;CL-600-2B19;
N786NC;1980;DC-9-51;
N786SW;2000;737-7H4;
N787NC;1980;DC-9-51;
N787SA;2000;737-7H4;
N78866;2002;757-33N;
N788AS;1997;737-490;
N788SA;2000;737-7H4;
N789SW;2000;737-7H4;
N790SW;2000;737-7H4;
N791AS;1997;737-490;
N791SW;2000;737-7H4;
N791UA;1997;777-222;
N79279;2003;737-824;
N792AS;1997;737-490;
N792SW;2000;737-7H4;
N793AS;1998;737-490;
N793SA;2001;737-7H4;
N794AS;1998;737-490;
N794SW;2001;737-7H4;
N795SW;2001;737-7H4;
N795UA;1997;777-222;
N796AS;1998;737-490;
N796CA;1999;CL-600-2B19;
N796SW;2001;737-7H4;
N796UA;1998;777-222;
N797AS;1998;737-490;
N797CA;1999;CL-600-2B19;
N797MX;2001;737-7H4;
N798CA;1999;CL-600-2B19;
N798SW;1998;737-7AD;
N799AS;1998;737-490;
N799SW;;737-7Q8;
N799UA;1998;777-222;
N7ABAA;;;
N7AGAA;;;
N7AHAA;;;
N7ALAA;;;
N7ARAA;;;
N7BGAA;;;
N7BTAA;;;
N7BUAA;;;
N7CCAA;;;
N800MQ;;;
N800SK;2006;CL600-2D24;
N801AW;1998;A319-132;
N801FR;2003;A318-111;
N801MQ;;;
N801UA;1997;A319-131;
N802AW;1998;A319-132;
N802FR;2003;A318-111;
N802MQ;;;
N802NW;2003;A330-323;
N802SK;2006;CL600-2D24;
N802UA;;;
N803AW;1998;A319-132;
N803FR;2003;A318-111;
N803MQ;;;
N803SK;2006;CL600-2D24;
N803UA;;;
N804AW;1999;A319-132;
N804FR;2003;A318-111;
N804MQ;;;
N804UA;1997;A319-131;
N805AW;1999;A319-132;
N805CA;1999;CL-600-2B19;
N805FR;2004;A318-111;
N805MQ;;;
N805SK;2006;CL600-2D24;
N806AW;1999;A319-132;
N806CA;;CL-600-2B19;
N806FR;2004;A318-111;
N806MQ;;;
N806SK;2006;CL600-2D24;
N806UA;1998;A319-131;
N807AW;1999;A319-132;
N807CA;1999;CL-600-2B19;
N807FR;2004;A318-111;
N807MQ;;;
N807SK;2006;CL600-2D24;
N807UA;1998;A319-131;
N808AW;1999;A319-132;
N808FR;2007;A318-111;
N808MQ;;;
N808NW;2004;A330-323;
N808UA;1998;A319-131;
N809AW;1999;A319-132;
N809CA;2000;CL-600-2B19;
N809FR;2007;A318-111;
N809MQ;;;
N809SK;2006;CL600-2D24;
N809UA;1998;A319-131;
N810AW;1999;A319-132;
N810CA;2000;CL-600-2B19;
N810FR;2007;A318-111;
N810MQ;;;
N810SK;2006;CL600-2D24;
N810UA;1998;A319-131;
N811MQ;;;
N811UA;1998;A319-131;
N812AW;2000;A319-132;
N812CA;2000;CL-600-2B19;
N812FR;2007;A318-111;
N812MQ;;;
N812SK;2006;CL600-2D24;
N812UA;1998;A319-131;
N813AW;2000;A319-132;
N813MQ;;;
N813SK;2006;CL600-2D24;
N813UA;1998;A319-131;
N814AW;2000;A319-132;
N814CA;2000;CL-600-2B19;
N814MQ;;;
N814SK;2006;CL600-2D24;
N814UA;1998;A319-131;
N815AW;2000;A319-132;
N815CA;2000;CL-600-2B19;
N815MQ;;;
N815SK;2006;CL600-2D24;
N815UA;1998;A319-131;
N816AW;2000;A319-132;
N816MQ;;;
N816SK;2006;CL600-2D24;
N816UA;1998;A319-131;
N817AW;2000;A319-132;
N817MQ;;;
N817SK;2006;CL600-2D24;
N817UA;1998;A319-131;
N818AW;2000;A319-132;
N818CA;2000;CL-600-2B19;
N818MQ;;;
N818NW;2007;A330-323;
N818UA;1998;A319-131;
N819AW;2000;A319-132;
N819CA;2000;CL-600-2B19;
N819MQ;;;
N819UA;1998;A319-131;
N820AW;2000;A319-132;
N820MQ;;;
N820SK;2006;CL600-2D24;
N821AS;1997;CL-600-2B19;
N821AW;2000;A319-132;
N821MQ;;;
N821SK;2007;CL600-2D24;
N821UA;1998;A319-131;
N822AW;2000;A319-132;
N822MQ;;;
N822UA;1998;A319-131;
N823AS;1997;CL-600-2B19;
N823AW;2001;A319-132;
N823MQ;;;
N823UA;1998;A319-131;
N824AS;1997;CL-600-2B19;
N824AW;2001;A319-132;
N824MQ;;;
N824UA;1999;A319-131;
N825AS;1997;CL-600-2B19;
N825AW;2001;A319-132;
N825UA;1999;A319-131;
N826AW;;A319-132;
N826MQ;;;
N826UA;1999;A319-131;
N827AS;1997;CL-600-2B19;
N827AW;2001;A319-132;
N827MQ;;;
N827UA;1999;A319-131;
N828AW;;A319-132;
N828MH;2000;767-432ER;
N828MQ;;;
N828UA;1999;A319-131;
N829AS;1998;CL-600-2B19;
N829AW;;A319-132;
N829MH;2000;767-432ER;
N829MQ;;;
N829UA;2000;A319-131;
N830AS;1998;CL-600-2B19;
N830AW;;A319-132;
N830MH;2000;767-432ER;
N830MQ;;;
N830UA;2000;A319-131;
N831AW;2001;A319-132;
N831MH;2000;767-432ER;
N831MQ;;;
N831UA;2000;A319-131;
N832AS;1998;CL-600-2B19;
N832AW;2001;A319-132;
N832MH;2000;767-432ER;
N832MQ;;;
N832UA;2000;A319-131;
N833AS;1998;CL-600-2B19;
N833AW;2002;A319-132;
N833MH;2000;767-432ER;
N833MQ;;;
N833UA;2000;A319-131;
N834AS;1998;CL-600-2B19;
N834AW;;A319-132;
N834MH;2000;767-432ER;
N834MQ;;;
N834UA;2001;A319-131;
N835AS;1998;CL-600-2B19;
N835AW;;A319-132;
N835MQ;;;
N835UA;2001;A319-131;
N836AS;1998;CL-600-2B19;
N836AW;2005;A319-132;
N836MQ;;;
N836UA;2001;A319-131;
N837AS;1998;CL-600-2B19;
N837AW;2005;A319-132;
N837MQ;;;
N837UA;2001;A319-131;
N838AS;1998;CL-600-2B19;
N838AW;2005;A319-132;
N838MH;2001;767-432ER;
N838MQ;;;
N838UA;2001;A319-131;
N839AS;1999;CL-600-2B19;
N839AW;2006;A319-132;
N839MQ;;;
N839UA;2001;A319-131;
N840AS;1999;CL-600-2B19;
N840AW;2006;A319-132;
N840MQ;;;
N840UA;2001;A319-131;
N841AS;1999;CL-600-2B19;
N841MQ;;;
N841UA;2001;A319-131;
N842AS;1999;CL-600-2B19;
N842MQ;;;
N842UA;2001;A319-131;
N843AS;1999;CL-600-2B19;
N843MQ;;;
N843UA;2001;A319-131;
N844AS;1999;CL-600-2B19;
N844MQ;;;
N844UA;2001;A319-131;
N845AS;1999;CL-600-2B19;
N845MQ;;;
N845UA;2001;A319-131;
N846MQ;;;
N846UA;2001;A319-131;
N847AS;1999;CL-600-2B19;
N847MQ;;;
N847UA;2001;A319-131;
N848AS;1999;CL-600-2B19;
N848MQ;;;
N848UA;2002;A319-131;
N849AS;1999;CL-600-2B19;
N849MQ;;;
N849UA;2002;A319-131;
N850AS;1999;CL-600-2B19;
N850MQ;;;
N850UA;2002;A319-131;
N851AS;1999;CL-600-2B19;
N851MQ;;;
N851UA;2002;A319-131;
N852AS;;CL-600-2B19;
N852MQ;;;
N852UA;2002;A319-131;
N853AS;2000;CL-600-2B19;
N853MQ;;;
N853UA;2002;A319-131;
N854MQ;;;
N854UA;2002;A319-131;
N855AS;2000;CL-600-2B19;
N855MQ;;;
N855UA;2002;A319-131;
N856MQ;;;
N857AS;2000;CL-600-2B19;
N857MQ;;;
N858AS;2000;CL-600-2B19;
N858MQ;;;
N859AS;2000;CL-600-2B19;
N860AS;2000;CL-600-2B19;
N861AS;2000;CL-600-2B19;
N862AS;2001;CL-600-2B19;
N863AS;2001;CL-600-2B19;
N864AS;2001;CL-600-2B19;
N865AS;2001;CL-600-2B19;
N866AS;2001;CL-600-2B19;
N867AS;2000;CL-600-2B19;
N868AS;2001;CL-600-2B19;
N868CA;2000;CL-600-2B19;
N869AS;2001;CL-600-2B19;
N870AS;2001;CL-600-2B19;
N872AS;2001;CL-600-2B19;
N87353;1999;CL-600-2B19;
N873AS;2001;CL-600-2B19;
N874AS;2001;CL-600-2B19;
N87507;;737-824;
N87512;;;
N87513;;;
N875AS;2001;CL-600-2B19;
N876AS;2001;CL-600-2B19;
N877AS;2001;CL-600-2B19;
N878AS;2002;CL-600-2B19;
N879AS;2002;CL-600-2B19;
N880AS;2002;CL-600-2B19;
N881AS;2001;CL-600-2B19;
N882AS;2001;CL-600-2B19;
N883AS;2001;CL-600-2B19;
N884AS;2001;CL-600-2B19;
N885AS;2001;CL-600-2B19;
N886AS;2001;CL-600-2B19;
N889AS;2001;CL-600-2B19;
N891AT;2004;717-200;
N8921E;1967;DC-9-31;
N8923E;1967;DC-9-31;
N8925E;1967;DC-9-31;
N8926E;1967;DC-9-31;
N8928E;1967;DC-9-31;
N8929E;1967;DC-9-31;
N892AT;2004;717-200;
N8933E;1967;DC-9-31;
N893AT;2004;717-200;
N8944E;1968;DC-9-31;
N8945E;1968;DC-9-31;
N894AT;2004;717-200;
N895AT;2004;717-200;
N896AT;2005;717-200;
N8978E;1968;DC-9-31;
N8986E;1969;DC-9-31;
N899AT;2005;717-200;
N900DE;1992;MD-88;
N900EV;2002;CL-600-2B19;
N900MQ;;;
N900PC;1997;757-26D;
N900WN;2007;737-7H4;
N901AW;1985;757-2S7;
N901DA;1995;MD-90-30;
N901DE;1992;MD-88;
N901EV;2002;CL-600-2B19;
N901WN;2007;737-7H4;
N902AW;1985;757-2S7;
N902DA;1994;MD-90-30;
N902DE;1992;MD-88;
N902EV;2002;CL-600-2B19;
N902FJ;2003;CL600-2D24;
N902FR;2001;A319-111;
N902MQ;;;
N902WN;2007;737-7H4;
N903AW;1985;757-2S7;
N903DA;1995;MD-90-30;
N903DE;1992;MD-88;
N903EV;2002;CL-600-2B19;
N903FJ;2003;CL600-2D24;
N903SW;2000;CL-600-2B19;
N903WN;;737-7H4;
N904AW;1986;757-2S7;
N904DA;1995;MD-90-30;
N904DE;1992;MD-88;
N904DL;1987;MD-88;
N904EV;2002;CL-600-2B19;
N904FJ;2003;CL600-2D24;
N904FR;2001;A319-111;
N904WN;;737-7H4;
N905DA;1995;MD-90-30;
N905DE;1992;MD-88;
N905EV;2002;CL-600-2B19;
N905FJ;;;
N905FR;2001;A319-111;
N905WN;;737-7H4;
N906AT;2001;717-200;
N906AW;1986;757-2S7;
N906DA;1995;MD-90-30;
N906DE;1992;MD-88;
N906DL;1987;MD-88;
N906EV;;CL-600-2B19;
N906FJ;2003;CL600-2D24;
N906FR;2002;A319-111;
N906SW;2001;CL-600-2B19;
N906WN;;737-7H4;
N907DA;1995;MD-90-30;
N907DE;1992;MD-88;
N907DL;1987;MD-88;
N907EV;;CL-600-2B19;
N907FJ;2003;CL600-2D24;
N907MQ;;;
N907SW;2001;CL-600-2B19;
N907UA;1991;737-522;
N907WN;;737-7H4;
N908AW;1989;757-2G7;
N908DA;1995;MD-90-30;
N908DE;1992;MD-88;
N908DL;1987;MD-88;
N908EV;2002;CL-600-2B19;
N908FJ;2003;CL600-2D24;
N908FR;2002;A319-111;
N908MQ;;;
N908SW;2001;CL-600-2B19;
N908WN;2008;737-7H4;
N909AW;1989;757-2G7;
N909DA;1995;MD-90-30;
N909DE;1992;MD-88;
N909DL;1987;MD-88;
N909EV;2002;CL-600-2B19;
N909FJ;2003;CL600-2D24;
N909MQ;;;
N909SW;2001;CL-600-2B19;
N909WN;2008;737-7H4;
N910AT;2001;717-200;
N910DE;1992;MD-88;
N910DL;1987;MD-88;
N910DN;1995;MD-90-30;
N910EV;2002;CL-600-2B19;
N910FJ;2003;CL600-2D24;
N910FR;2002;A319-112;
N910SW;2001;CL-600-2B19;
N910WN;2008;737-7H4;
N911DA;1995;MD-90-30;
N911DE;1992;MD-88;
N911DL;1987;MD-88;
N911FJ;2003;CL600-2D24;
N912CA;1993;CL-600-2B19;
N912DL;1987;MD-88;
N912DN;1996;MD-90-30;
N912EV;2002;CL-600-2B19;
N912FR;2002;A319-111;
N912SW;2001;CL-600-2B19;
N912UA;1991;737-522;
N912WN;2008;737-7H4;
N913DE;1993;MD-88;
N913DL;1988;MD-88;
N913DN;1996;MD-90-30;
N913EV;2002;CL-600-2B19;
N913FJ;2004;CL600-2D24;
N913FR;2002;A319-112;
N913SW;2001;CL-600-2B19;
N913UA;1991;737-522;
N913WN;2008;737-7H4;
N914CA;1993;CL-600-2B19;
N914DE;1993;MD-88;
N914DL;1988;MD-88;
N914DN;1996;MD-90-30;
N914EV;2003;CL-600-2B19;
N914FJ;2004;CL600-2D24;
N914FR;2002;A319-111;
N914WN;2008;737-7H4;
N915AT;2001;717-200;
N915AW;1984;757-225;
N915CA;1993;CL-600-2B19;
N915DE;1993;MD-88;
N915DL;1988;MD-88;
N915DN;1996;MD-90-30;
N915EV;2003;CL-600-2B19;
N915FJ;;CL600-2D24;
N915FR;2002;A319-112;
N915RW;1967;DC-9-31;
N915SW;;CL-600-2B19;
N915WN;2008;737-7H4;
N916CA;1993;CL-600-2B19;
N916DE;1993;MD-88;
N916DL;1988;MD-88;
N916DN;1996;MD-90-30;
N916FJ;2004;CL600-2D24;
N916FR;2002;A319-112;
N916SW;2002;CL-600-2B19;
N916UW;1982;757-225;
N916WN;2008;737-7H4;
N917CA;1993;CL-600-2B19;
N917DE;1993;MD-88;
N917DL;1988;MD-88;
N917EV;2003;CL-600-2B19;
N917FJ;2004;CL600-2D24;
N917SW;;CL-600-2B19;
N917UW;1982;757-225;
N917WN;;737-7H4;
N918CA;1993;CL-600-2B19;
N918DE;1993;MD-88;
N918DL;1988;MD-88;
N918FJ;2004;CL600-2D24;
N918FR;2003;A319-111;
N918MQ;;;
N918SW;;CL-600-2B19;
N918WN;;737-7H4;
N919AT;2001;717-200;
N919DE;1993;MD-88;
N919DL;1988;MD-88;
N919EV;2003;CL-600-2B19;
N919FJ;2004;CL600-2D24;
N919FR;2003;A319-111;
N919SW;2002;CL-600-2B19;
N919WN;;;
N920AT;2000;717-200;
N920CA;1993;CL-600-2B19;
N920DE;1993;MD-88;
N920DL;1988;MD-88;
N920EV;2003;CL-600-2B19;
N920FJ;2004;CL600-2D24;
N920SW;2002;CL-600-2B19;
N920UW;1983;757-225;
N920WN;;;
N921AT;2000;717-200;
N921DL;1988;MD-88;
N921EV;2003;CL-600-2B19;
N921FJ;2004;CL600-2D24;
N921FR;2003;A319-111;
N921UW;1983;757-225;
N921WN;;;
N9222N;;;
N922AT;2005;717-200;
N922DL;1988;MD-88;
N922EV;2003;CL-600-2B19;
N922FJ;2004;CL600-2D24;
N922FR;2003;A319-111;
N922MQ;;;
N922UA;1991;737-522;
N922UW;1983;757-225;
N923AT;2005;717-200;
N923DL;1988;MD-88;
N923EV;2003;CL-600-2B19;
N923FJ;2004;CL600-2D24;
N923FR;2003;A319-111;
N923MQ;;;
N923RW;1968;DC-9-31;
N923SW;2002;CL-600-2B19;
N923UA;1992;737-522;
N923UW;1983;757-225;
N923WN;;;
N924AT;2000;717-200;
N924CA;1993;CL-600-2B19;
N924DL;1988;MD-88;
N924EV;2003;CL-600-2B19;
N924FJ;2004;CL600-2D24;
N924FR;2003;A319-111;
N924SW;2002;CL-600-2B19;
N924UA;1992;737-522;
N924UW;1983;757-225;
N924WN;;;
N925AT;2000;717-200;
N925DL;1988;MD-88;
N925EV;2003;CL-600-2B19;
N925FJ;2004;CL600-2D24;
N925FR;2004;A319-111;
N925MQ;;;
N925SW;2002;CL-600-2B19;
N925UA;1992;737-522;
N925US;;DC-9-32;
N925UW;1983;757-225;
N925WN;;;
N926AT;2000;717-200;
N926CA;1993;CL-600-2B19;
N926DL;1988;MD-88;
N926EV;2003;CL-600-2B19;
N926FR;2004;A319-111;
N926LR;2004;CL600-2D24;
N926NW;1970;DC-9-32;
N926SW;2002;CL-600-2B19;
N926WN;;;
N927AT;;717-200;
N927CA;1993;CL-600-2B19;
N927DA;1988;MD-88;
N927EV;2003;CL-600-2B19;
N927FR;2004;A319-111;
N927SW;2002;CL-600-2B19;
N927UA;1992;737-522;
N927UW;1993;757-2B7;
N927WN;;;
N928AT;2000;717-200;
N928DL;1988;MD-88;
N928EV;2004;CL-600-2B19;
N928FR;2004;A319-111;
N928LR;2005;CL600-2D24;
N928MQ;;;
N928SW;2002;CL-600-2B19;
N928UA;1992;737-522;
N928WN;;;
N929AT;2000;717-200;
N929CA;1993;CL-600-2B19;
N929EV;2004;CL-600-2B19;
N929FR;2004;A319-111;
N929LR;2005;CL600-2D24;
N929SW;2002;CL-600-2B19;
N929UA;1992;737-522;
N929UW;1993;757-2B7;
N929WN;;;
N930AT;2000;717-200;
N930DL;1988;MD-88;
N930EV;;CL-600-2B19;
N930FR;2004;A319-111;
N930LR;2005;CL600-2D24;
N930SW;2002;CL-600-2B19;
N930UA;1992;737-522;
N931CA;1994;CL-600-2B19;
N931DL;1988;MD-88;
N931EV;2005;CL-600-2B19;
N931FR;2004;A319-111;
N931LR;2005;CL600-2D24;
N931MQ;;;
N932AT;2000;717-200;
N932CA;1994;CL-600-2B19;
N932DL;1989;MD-88;
N932EV;2005;CL-600-2B19;
N932LR;2005;CL600-2D24;
N932MQ;;;
N932SW;2002;CL-600-2B19;
N932UA;1992;737-522;
N932UW;1993;757-2B7;
N9333;1968;DC-9-31;
N9338;1969;DC-9-31;
N933AT;2000;717-200;
N933DL;1989;MD-88;
N933EV;2005;CL-600-2B19;
N933FR;2004;A319-111;
N933LR;2005;CL600-2D24;
N933MQ;;;
N933UA;1992;737-522;
N933UW;1993;757-2B7;
N934AT;2000;717-200;
N934DL;1989;MD-88;
N934EV;2005;CL-600-2B19;
N934FJ;2005;CL600-2D24;
N934FR;2004;A319-111;
N934UA;1992;737-522;
N934UW;1993;757-2B7;
N935AT;2000;717-200;
N935DL;1989;MD-88;
N935EV;2005;CL-600-2B19;
N935FR;2004;A319-111;
N935LR;2005;CL600-2D24;
N935MQ;;;
N935SW;2002;CL-600-2B19;
N935UA;1992;737-522;
N935UW;1994;757-2B7;
N936AT;1999;717-200;
N936CA;1994;CL-600-2B19;
N936DL;1989;MD-88;
N936EV;2005;CL-600-2B19;
N936FR;2005;A319-111;
N936SW;2002;CL-600-2B19;
N936UA;1992;737-522;
N936UW;1994;757-2B7;
N937AT;2001;717-200;
N937CA;1994;CL-600-2B19;
N937DL;1989;MD-88;
N937EV;2005;CL-600-2B19;
N937FR;2005;A319-111;
N937SW;2003;CL-600-2B19;
N937UA;1992;737-522;
N937UW;1994;757-2B7;
N938AT;;717-200;
N938CA;1994;CL-600-2B19;
N938DL;1989;MD-88;
N938FR;2005;A319-111;
N938LR;2005;CL600-2D24;
N938SW;2003;CL-600-2B19;
N938UA;1992;737-522;
N938UW;1994;757-2B7;
N939AT;;717-200;
N939DL;1989;MD-88;
N939FR;2005;A319-111;
N939LR;2005;CL600-2D24;
N939MQ;;;
N939SW;2003;CL-600-2B19;
N939UW;1994;757-2B7;
N940AT;1999;717-200;
N940CA;1994;CL-600-2B19;
N940DL;1989;MD-88;
N940FR;;A319-111;
N940UW;1995;757-2B7;
N941CA;1994;CL-600-2B19;
N941DL;1989;MD-88;
N941FR;2005;A319-112;
N941MQ;;;
N941SW;2003;CL-600-2B19;
N941UA;1992;737-522;
N941UW;1995;757-2B7;
N942AT;1999;717-200;
N942DL;1989;MD-88;
N942FR;2005;A319-111;
N942LR;2005;CL600-2D24;
N942MQ;;;
N942UA;1992;737-522;
N942UW;1995;757-2B7;
N943AT;1999;717-200;
N943DL;1989;MD-88;
N943FR;2005;A319-112;
N943SW;2003;CL-600-2B19;
N944AT;1999;717-200;
N944DL;1989;MD-88;
N944SW;2003;CL-600-2B19;
N944UW;2006;ERJ 190-100 IGW;
N945AT;1999;717-200;
N945DL;1989;MD-88;
N945FR;2006;A319-111;
N945N;1975;DC-9-32;
N945SW;2003;CL-600-2B19;
N945UW;;ERJ 190-100 IGW;
N946AT;1999;717-200;
N946DL;1989;MD-88;
N946FR;2006;A319-111;
N946SW;2003;CL-600-2B19;
N946UW;2007;ERJ 190-100 IGW;
N947AT;1999;717-200;
N947DL;1989;MD-88;
N947FR;2006;A319-111;
N947SW;2003;CL-600-2B19;
N947UW;2007;ERJ 190-100 IGW;
N948AT;1999;717-200;
N948DL;1989;MD-88;
N948FR;2006;A319-111;
N948SW;2003;CL-600-2B19;
N948UW;2007;ERJ 190-100 IGW;
N949AT;1999;717-200;
N949DL;1990;MD-88;
N949FR;2006;A319-111;
N949UW;2007;ERJ 190-100 IGW;
N950AT;2000;717-200;
N950DL;1990;MD-88;
N950UW;2007;ERJ 190-100 IGW;
N951AT;2000;717-200;
N951DL;1990;MD-88;
N951SW;2003;CL-600-2B19;
N951UW;2007;ERJ 190-100 IGW;
N952AT;2000;717-200;
N952DL;1990;MD-88;
N952SW;2003;CL-600-2B19;
N952UW;2007;ERJ 190-100 IGW;
N953AT;2000;717-200;
N953DL;1990;MD-88;
N953SW;2003;CL-600-2B19;
N953UW;2007;ERJ 190-100 IGW;
N954AT;2000;717-200;
N954CA;1995;CL-600-2B19;
N954DL;1990;MD-88;
N954SW;2003;CL-600-2B19;
N954UW;2007;ERJ 190-100 IGW;
N955AT;2000;717-200;
N955DL;1990;MD-88;
N955SW;2003;CL-600-2B19;
N955UW;2008;ERJ 190-100 IGW;
N956AT;2000;717-200;
N956CA;1996;CL-600-2B19;
N956DL;1990;MD-88;
N956LR;2005;CL600-2D24;
N956SW;2003;CL-600-2B19;
N956UW;2008;ERJ 190-100 IGW;
N957AT;2000;717-200;
N957CA;1996;CL-600-2B19;
N957DL;1990;MD-88;
N957SW;2003;CL-600-2B19;
N957UW;;ERJ 190-100 IGW;
N958AT;2001;717-200;
N958CA;1996;CL-600-2B19;
N958DL;1990;MD-88;
N958SW;2003;CL-600-2B19;
N958UW;;ERJ 190-100 IGW;
N959AT;2001;717-200;
N959CA;1996;CL-600-2B19;
N959DL;1990;MD-88;
N959SW;2003;CL-600-2B19;
N959UW;;ERJ 190-100 IGW;
N960AT;2001;717-200;
N960CA;1996;CL-600-2B19;
N960DL;1990;MD-88;
N960UW;;;
N961AT;2001;717-200;
N961DL;1990;MD-88;
N961SW;2003;CL-600-2B19;
N961UW;;;
N962CA;1996;CL-600-2B19;
N962DL;1990;MD-88;
N962SW;2003;CL-600-2B19;
N962UW;;;
N963AT;2001;717-200;
N963CA;1996;CL-600-2B19;
N963DL;1990;MD-88;
N963SW;2003;CL-600-2B19;
N963UW;;;
N964AT;2001;717-200;
N964CA;1996;CL-600-2B19;
N964DL;1990;MD-88;
N964SW;2003;CL-600-2B19;
N964UW;;;
N965AT;2001;717-200;
N965CA;1996;CL-600-2B19;
N965DL;1990;MD-88;
N965UW;;;
N966AT;2001;717-200;
N966CA;1996;CL-600-2B19;
N966UW;;;
N967AT;2001;717-200;
N967CA;1996;CL-600-2B19;
N967N;1973;DC-9-32;
N967SW;2003;CL-600-2B19;
N967UW;;;
N968AT;2001;717-200;
N968UW;;;
N969AT;2001;717-200;
N969DL;1990;MD-88;
N969SW;2003;CL-600-2B19;
N970AT;2001;717-200;
N970EV;2001;CL-600-2B19;
N971AT;2001;717-200;
N971EV;2001;CL-600-2B19;
N971SW;2004;CL-600-2B19;
N972AT;2001;717-200;
N972CA;1966;PA-28-180;
N972DL;1991;MD-88;
N972EV;2001;CL-600-2B19;
N97325;1999;CL-600-2B19;
N973DL;1991;MD-88;
N973EV;2002;CL-600-2B19;
N973SW;2004;CL-600-2B19;
N974AT;2002;717-200;
N974DL;1991;MD-88;
N974EV;2001;CL-600-2B19;
N975AT;2002;717-200;
N975DL;1991;MD-88;
N975SW;2004;CL-600-2B19;
N976DL;1991;MD-88;
N976EV;2001;CL-600-2B19;
N976SW;2004;CL-600-2B19;
N977AT;2002;717-200;
N977DL;1991;MD-88;
N977EV;2002;CL-600-2B19;
N978AT;2002;717-200;
N978DL;1991;MD-88;
N978EV;2002;CL-600-2B19;
N978SW;2004;CL-600-2B19;
N979AT;2002;717-200;
N979DL;1991;MD-88;
N979EV;2003;CL-600-2B19;
N979SW;2004;CL-600-2B19;
N980AT;2002;717-200;
N980DL;1991;MD-88;
N980EV;2003;CL-600-2B19;
N980SW;2004;CL-600-2B19;
N981AT;2002;717-200;
N981DL;1991;MD-88;
N981EV;2003;CL-600-2B19;
N982AT;2002;717-200;
N982DL;1991;MD-88;
N982SW;2004;CL-600-2B19;
N983AT;;717-200;
N983DL;1991;MD-88;
N983SW;2004;CL-600-2B19;
N984DL;1991;MD-88;
N985AT;2001;717-200;
N985DL;1991;MD-88;
N986AT;2001;717-200;
N986CA;;CL-600-2B19;
N986DL;1991;MD-88;
N986SW;2004;CL-600-2B19;
N987AT;2001;717-200;
N987DL;1991;MD-88;
N987HA;1996;DHC-8-202;
N987US;1971;DC-9-32;
N988AT;2001;717-200;
N988DL;1991;MD-88;
N988HA;1996;DHC-8-202;
N989AT;2001;717-200;
N989CA;1998;CL-600-2B19;
N989DL;1991;MD-88;
N989HA;1996;DHC-8-202;
N990AT;2001;717-200;
N990DL;1991;MD-88;
N991AT;;717-200;
N991DL;1991;MD-88;
N991HA;1996;DHC-8-202;
N992AT;2002;717-200;
N992DL;1991;MD-88;
N993AT;2002;717-200;
N993DL;1991;MD-88;
N994AT;2002;717-200;
N994DL;1991;MD-88;
N995AT;2002;717-200;
N995DL;1991;MD-88;
N996AT;2002;717-200;
N996DL;1991;MD-88;
N997AT;2002;717-200;
N997DL;1992;MD-88;
N998AT;2002;717-200;
N998DL;1992;MD-88;
N999DN;1992;MD-88;